datetime,open,high,low,close,volume
2020-01-01 05:30:00,482.5,484.8,479.55,480.95,613516
2020-01-02 05:30:00,482.25,487.35,480.6,486.45,880457
2020-01-03 05:30:00,486.95,488.25,481.65,483.2,861600
2020-01-06 05:30:00,479.1,483.0,472.9,475.5,1271737
2020-01-07 05:30:00,476.2,484.8,475.0,476.7,1000612
2020-01-08 05:30:00,471.0,483.35,471.0,482.05,1162792
2020-01-09 05:30:00,487.5,487.5,478.0,483.8,1141789
2020-01-10 05:30:00,485.8,494.5,483.95,488.5,2164395
2020-01-13 05:30:00,490.9,497.9,486.9,496.95,1402916
2020-01-14 05:30:00,498.7,498.7,488.6,489.8,1244319
2020-01-15 05:30:00,489.1,491.35,485.6,489.85,679224
2020-01-16 05:30:00,491.8,494.65,488.2,492.2,1064498
2020-01-17 05:30:00,490.1,492.7,480.6,481.5,1776007
2020-01-20 05:30:00,481.95,493.9,481.5,488.3,1480886
2020-01-21 05:30:00,488.15,497.0,478.2,489.05,5575263
2020-01-22 05:30:00,492.0,512.0,488.45,506.5,6728623
2020-01-23 05:30:00,509.0,514.65,504.85,507.65,2950113
2020-01-24 05:30:00,505.5,521.8,505.4,519.95,3125941
2020-01-27 05:30:00,521.0,533.35,516.35,526.25,4856428
2020-01-28 05:30:00,527.9,533.9,524.3,526.65,1235648
2020-01-29 05:30:00,530.85,533.1,519.9,527.0,1328249
2020-01-30 05:30:00,527.95,528.45,513.5,521.7,1537081
2020-01-31 05:30:00,525.15,526.85,508.85,510.95,1053162
2020-02-01 05:30:00,510.95,514.9,444.0,451.35,10718104
2020-02-03 05:30:00,451.0,462.9,437.0,446.35,11367798
2020-02-04 05:30:00,448.4,474.45,445.4,470.25,4830011
2020-02-05 05:30:00,469.9,482.0,468.9,477.3,4084261
2020-02-06 05:30:00,480.2,500.55,480.0,488.0,4599692
2020-02-07 05:30:00,489.9,505.15,484.45,495.5,2184744
2020-02-10 05:30:00,495.2,495.5,480.2,484.05,908260
2020-02-11 05:30:00,487.0,490.5,474.0,482.2,1378341
2020-02-12 05:30:00,481.0,485.75,474.5,480.35,1260833
2020-02-13 05:30:00,480.0,481.5,471.6,479.1,1227451
2020-02-14 05:30:00,479.1,484.15,477.1,481.3,627842
2020-02-17 05:30:00,479.25,480.95,467.0,474.4,795066
2020-02-18 05:30:00,470.1,473.9,466.0,471.85,859469
2020-02-19 05:30:00,473.35,490.95,470.55,489.55,1184541
2020-02-20 05:30:00,490.8,504.0,490.8,495.0,1385523
2020-02-24 05:30:00,489.0,501.0,483.5,486.45,947108
2020-02-25 05:30:00,487.15,489.9,475.0,481.05,1146861
2020-02-26 05:30:00,479.45,489.05,470.7,475.65,1099701
2020-02-27 05:30:00,474.1,486.0,466.25,481.25,1433878
2020-02-28 05:30:00,475.0,478.0,453.7,471.4,2859332
2020-03-02 05:30:00,476.0,484.55,448.2,455.5,2033942
2020-03-03 05:30:00,456.0,462.9,448.0,455.65,1858745
2020-03-04 05:30:00,458.0,460.75,441.5,445.25,2156241
2020-03-05 05:30:00,445.5,447.5,430.75,432.7,3897680
2020-03-06 05:30:00,420.0,424.5,405.15,413.75,3850199
2020-03-09 05:30:00,401.0,406.75,381.2,393.35,3436940
2020-03-11 05:30:00,393.35,408.7,370.3,404.75,2485701
2020-03-12 05:30:00,384.0,389.95,361.95,371.95,3709092
2020-03-13 05:30:00,347.0,396.8,320.3,382.9,3358362
2020-03-16 05:30:00,372.0,391.5,355.05,359.65,1945935
2020-03-17 05:30:00,362.0,365.6,330.5,335.6,2214481
2020-03-18 05:30:00,334.0,336.9,287.35,301.35,3549571
2020-03-19 05:30:00,287.7,296.65,260.0,281.55,3768797
2020-03-20 05:30:00,288.0,313.0,282.1,304.2,4381098
2020-03-23 05:30:00,280.0,291.15,231.65,238.8,2275403
2020-03-24 05:30:00,249.0,262.65,226.1,254.45,4287147
2020-03-25 05:30:00,247.0,330.75,246.15,320.45,5002058
2020-03-26 05:30:00,312.6,368.0,312.6,329.3,4759122
2020-03-27 05:30:00,335.0,351.3,304.35,318.4,5097653
2020-03-30 05:30:00,305.0,337.85,300.4,333.6,3291921
2020-03-31 05:30:00,338.0,360.9,333.75,355.7,2771347
2020-04-01 05:30:00,351.0,367.95,340.35,342.6,1781590
2020-04-03 05:30:00,341.5,353.8,325.65,338.9,3435594
2020-04-07 05:30:00,346.85,360.35,337.4,357.25,3060156
2020-04-08 05:30:00,360.0,368.55,334.4,340.65,3970133
2020-04-09 05:30:00,349.0,354.65,334.05,342.55,3956917
2020-04-13 05:30:00,339.7,345.4,324.0,342.5,2574306
2020-04-15 05:30:00,344.5,355.6,325.25,328.95,2874352
2020-04-16 05:30:00,325.0,342.9,317.0,334.85,4089522
2020-04-17 05:30:00,345.05,372.65,343.5,369.95,5684533
2020-04-20 05:30:00,380.0,389.9,372.3,378.3,7660781
2020-04-21 05:30:00,369.35,375.0,357.05,370.4,2670354
2020-04-22 05:30:00,368.0,372.0,356.2,369.35,2581168
2020-04-23 05:30:00,371.95,386.9,359.8,361.3,2648105
2020-04-24 05:30:00,348.0,356.8,329.4,336.55,6324162
2020-04-27 05:30:00,346.2,384.5,346.2,377.5,13869760
2020-04-28 05:30:00,380.0,386.45,367.4,384.05,4346832
2020-04-29 05:30:00,386.75,405.3,376.35,402.4,6376398
2020-04-30 05:30:00,405.9,416.1,405.1,411.95,3287882
2020-05-04 05:30:00,391.25,399.6,387.35,391.4,3032638
2020-05-05 05:30:00,392.05,400.8,371.0,374.95,2481871
2020-05-06 05:30:00,374.9,403.35,370.95,394.55,4946436
2020-05-07 05:30:00,392.0,404.5,388.85,397.95,2427882
2020-05-08 05:30:00,400.1,413.0,398.0,400.1,2841396
2020-05-11 05:30:00,401.0,408.8,394.0,398.15,2520401
2020-05-12 05:30:00,397.0,405.45,391.05,399.15,1968126
2020-05-13 05:30:00,410.0,411.0,394.0,396.35,2490495
2020-05-14 05:30:00,396.0,401.85,382.45,384.2,1844584
2020-05-15 05:30:00,385.1,388.6,376.6,384.85,2220294
2020-05-18 05:30:00,383.1,384.0,356.75,358.85,2202813
2020-05-19 05:30:00,363.35,372.5,357.25,359.85,1631096
2020-05-20 05:30:00,361.1,368.25,360.1,364.05,3257659
2020-05-21 05:30:00,366.1,376.0,354.9,362.25,4500253
2020-05-22 05:30:00,362.25,369.35,336.7,345.05,4146071
2020-05-26 05:30:00,350.0,350.0,337.5,347.35,4502179
2020-05-27 05:30:00,349.4,355.4,342.1,353.9,4320826
2020-05-28 05:30:00,357.0,370.0,353.45,367.7,2687869
2020-05-29 05:30:00,369.05,397.0,365.45,393.1,5255281
2020-06-01 05:30:00,396.0,401.35,382.4,383.9,3421763
2020-06-02 05:30:00,387.95,389.35,379.05,380.4,1797460
2020-06-03 05:30:00,381.25,393.5,381.25,385.0,10639292
2020-06-04 05:30:00,387.25,392.65,380.15,382.65,4448808
2020-06-05 05:30:00,386.4,392.0,382.0,387.55,1765480
2020-06-08 05:30:00,390.6,405.5,389.95,397.85,5281131
2020-06-09 05:30:00,402.0,409.7,390.1,393.7,3525099
2020-06-10 05:30:00,395.0,403.45,393.05,396.95,2256020
2020-06-11 05:30:00,397.1,406.5,394.0,395.35,2589583
2020-06-12 05:30:00,380.0,403.5,380.0,400.95,2240478
2020-06-15 05:30:00,399.8,406.4,386.85,391.1,1891547
2020-06-16 05:30:00,396.0,405.4,388.4,395.45,2264468
2020-06-17 05:30:00,394.0,402.55,393.75,396.45,1444166
2020-06-18 05:30:00,395.5,399.4,390.95,394.4,2014504
2020-06-19 05:30:00,397.0,397.9,386.25,391.6,3459750
2020-06-22 05:30:00,419.0,419.0,399.35,407.0,3944304
2020-06-23 05:30:00,418.95,429.45,410.45,426.95,5202676
2020-06-24 05:30:00,430.45,441.45,428.15,430.65,4199691
2020-06-25 05:30:00,431.9,433.5,423.0,428.25,2475433
2020-06-26 05:30:00,429.5,434.75,420.15,423.35,1381754
2020-06-29 05:30:00,423.35,424.15,408.5,410.35,2637233
2020-06-30 05:30:00,413.0,428.0,412.0,425.8,2693892
2020-07-01 05:30:00,426.0,428.2,417.15,419.65,1337800
2020-07-02 05:30:00,421.7,426.95,420.5,425.4,824637
2020-07-03 05:30:00,429.0,443.55,427.0,433.5,3831136
2020-07-06 05:30:00,437.5,437.5,429.3,435.2,4221260
2020-07-07 05:30:00,437.0,442.6,432.0,433.65,1344236
2020-07-08 05:30:00,436.0,439.0,425.05,427.5,1113679
2020-07-09 05:30:00,427.5,435.5,427.0,433.25,1068182
2020-07-10 05:30:00,425.0,432.7,415.8,417.45,3885699
2020-07-13 05:30:00,420.0,425.25,419.0,423.75,1572733
2020-07-14 05:30:00,427.0,436.9,419.35,422.05,3868335
2020-07-15 05:30:00,425.85,432.4,419.1,420.9,1869516
2020-07-16 05:30:00,423.9,431.95,418.75,430.25,1134692
2020-07-17 05:30:00,435.0,443.8,429.35,440.35,3039454
2020-07-20 05:30:00,444.4,450.0,434.15,436.3,2819864
2020-07-21 05:30:00,441.5,446.25,423.6,442.9,5693601
2020-07-22 05:30:00,447.0,447.95,435.4,442.2,3571270
2020-07-23 05:30:00,443.65,452.65,443.0,450.8,4113950
2020-07-24 05:30:00,447.7,450.0,436.1,440.0,2303790
2020-07-27 05:30:00,440.1,461.0,434.45,457.75,3352089
2020-07-28 05:30:00,459.45,463.9,449.1,452.05,2637278
2020-07-29 05:30:00,450.25,453.45,445.0,449.25,1755877
2020-07-30 05:30:00,453.05,455.15,445.0,452.9,2280249
2020-07-31 05:30:00,454.3,460.65,449.6,452.25,2209106
2020-08-03 05:30:00,450.0,453.55,436.85,438.9,2153510
2020-08-04 05:30:00,440.0,456.2,438.3,453.95,2316514
2020-08-05 05:30:00,455.0,464.4,454.25,461.7,2112026
2020-08-06 05:30:00,461.7,475.0,461.7,471.6,2910502
2020-08-07 05:30:00,474.0,476.6,462.4,470.4,2461030
2020-08-10 05:30:00,473.0,486.15,470.6,482.25,2132929
2020-08-11 05:30:00,485.0,487.0,475.05,477.2,1498774
2020-08-12 05:30:00,473.95,482.45,470.1,477.45,2551006
2020-08-13 05:30:00,480.0,481.0,468.8,470.7,1788405
2020-08-14 05:30:00,468.8,471.5,455.5,458.95,1793998
2020-08-17 05:30:00,460.0,462.7,449.4,453.25,1248353
2020-08-18 05:30:00,451.05,456.9,450.05,453.85,1437852
2020-08-19 05:30:00,455.05,461.85,453.2,454.55,1728150
2020-08-20 05:30:00,450.0,452.85,438.05,439.1,2208998
2020-08-21 05:30:00,443.15,451.9,443.15,447.5,1828074
2020-08-24 05:30:00,448.8,455.95,442.35,443.6,1524566
2020-08-25 05:30:00,445.0,448.55,440.15,446.35,841304
2020-08-26 05:30:00,448.0,452.3,442.0,449.25,897471
2020-08-27 05:30:00,451.0,452.95,446.65,449.0,1525130
2020-08-28 05:30:00,449.1,460.5,449.1,451.3,1909653
2020-08-31 05:30:00,450.0,454.9,418.6,422.65,4213311
2020-09-01 05:30:00,423.0,435.8,422.2,430.25,1805675
2020-09-02 05:30:00,428.0,441.9,427.25,437.9,2262311
2020-09-03 05:30:00,437.7,445.0,436.0,438.65,1417938
2020-09-04 05:30:00,434.0,434.0,416.2,420.9,3290185
2020-09-07 05:30:00,421.0,431.6,420.05,424.85,2357282
2020-09-08 05:30:00,422.0,448.0,421.7,442.2,4886769
2020-09-09 05:30:00,434.8,441.85,430.15,434.4,2676841
2020-09-10 05:30:00,436.0,450.0,435.05,447.15,2205719
2020-09-11 05:30:00,449.4,452.7,435.2,439.15,2489984
2020-09-14 05:30:00,443.85,445.0,428.1,430.35,1630656
2020-09-15 05:30:00,432.65,436.0,424.75,427.4,1361796
2020-09-16 05:30:00,426.0,437.85,425.2,434.85,1136111
2020-09-17 05:30:00,433.8,437.3,425.1,426.5,840918
2020-09-18 05:30:00,427.2,430.6,417.65,421.75,1304148
2020-09-21 05:30:00,421.55,423.3,408.5,413.2,1210600
2020-09-22 05:30:00,414.0,415.6,399.55,403.25,1413911
2020-09-23 05:30:00,406.75,410.4,400.65,408.7,1264534
2020-09-24 05:30:00,407.0,415.35,403.3,414.25,2362163
2020-09-25 05:30:00,417.0,417.45,397.55,414.85,3499493
2020-09-28 05:30:00,417.3,424.45,414.5,420.45,1281552
2020-09-29 05:30:00,419.85,429.55,419.7,423.05,1582603
2020-09-30 05:30:00,421.25,426.7,411.6,420.9,1311729
2020-10-01 05:30:00,422.7,432.45,422.0,423.4,1064236
2020-10-05 05:30:00,425.0,426.95,416.4,420.1,2388551
2020-10-06 05:30:00,422.2,432.0,422.2,430.75,1358416
2020-10-07 05:30:00,432.0,442.55,431.4,433.65,3051892
2020-10-08 05:30:00,435.0,439.4,428.2,433.65,1460686
2020-10-09 05:30:00,435.8,435.8,425.4,429.55,1234329
2020-10-12 05:30:00,430.4,432.45,416.7,418.85,1381848
2020-10-13 05:30:00,418.0,422.2,408.5,415.55,2820407
2020-10-14 05:30:00,415.0,426.5,404.45,425.15,3084886
2020-10-15 05:30:00,424.75,429.0,414.05,418.8,1116653
2020-10-16 05:30:00,418.0,424.0,412.25,414.75,875597
2020-10-19 05:30:00,416.0,425.5,413.4,423.25,966621
2020-10-20 05:30:00,423.0,426.1,418.55,421.55,729812
2020-10-21 05:30:00,423.0,424.55,405.0,411.6,2703594
2020-10-22 05:30:00,410.0,416.05,408.9,414.0,2477603
2020-10-23 05:30:00,416.05,416.9,406.7,408.7,2334260
2020-10-26 05:30:00,410.8,414.25,401.25,404.7,1352606
2020-10-27 05:30:00,406.1,415.0,404.1,412.2,2033543
2020-10-28 05:30:00,421.2,422.15,403.45,408.9,3122579
2020-10-29 05:30:00,404.75,410.0,403.65,408.15,1295065
2020-10-30 05:30:00,410.85,411.0,398.2,403.35,2493325
2020-11-02 05:30:00,406.9,407.55,399.35,403.4,1490428
2020-11-03 05:30:00,404.95,411.5,404.1,409.7,3725793
2020-11-04 05:30:00,409.7,410.0,404.2,409.7,1470667
2020-11-05 05:30:00,411.8,417.95,409.2,413.6,2721997
2020-11-06 05:30:00,413.5,421.75,413.5,417.7,2449403
2020-11-09 05:30:00,420.25,427.0,413.65,422.05,2729910
2020-11-10 05:30:00,424.0,430.0,414.7,421.45,3364819
2020-11-11 05:30:00,424.4,440.45,423.25,428.55,3399125
2020-11-12 05:30:00,428.55,433.5,424.9,429.45,1368062
2020-11-13 05:30:00,430.0,435.0,428.05,432.65,1825808
2020-11-14 05:30:00,436.3,436.85,431.75,433.55,197971
2020-11-17 05:30:00,435.6,451.0,434.15,448.95,2142043
2020-11-18 05:30:00,448.45,456.65,443.35,455.05,2127228
2020-11-19 05:30:00,452.0,460.45,438.9,441.3,1742869
2020-11-20 05:30:00,443.0,456.0,442.05,453.6,1659915
2020-11-23 05:30:00,455.8,459.45,450.2,453.25,1029608
2020-11-24 05:30:00,455.0,457.5,445.35,449.35,1991007
2020-11-25 05:30:00,451.0,459.7,444.2,447.8,2646516
2020-11-26 05:30:00,447.5,456.8,447.15,454.4,1396990
2020-11-27 05:30:00,456.0,459.0,440.0,441.7,3164067
2020-12-01 05:30:00,449.0,459.0,442.75,457.35,2368793
2020-12-02 05:30:00,458.0,476.0,458.0,467.6,6009102
2020-12-03 05:30:00,470.1,478.5,468.4,477.45,1915853
2020-12-04 05:30:00,478.8,480.85,470.3,476.2,950378
2020-12-07 05:30:00,479.05,492.9,475.85,482.25,3124865
2020-12-08 05:30:00,482.15,486.3,472.55,483.3,1903077
2020-12-09 05:30:00,485.4,488.4,477.0,486.85,1801377
2020-12-10 05:30:00,487.45,499.0,484.85,496.55,3993397
2020-12-11 05:30:00,496.95,503.1,490.35,498.65,2677102
2020-12-14 05:30:00,500.0,500.4,484.9,490.25,855417
2020-12-15 05:30:00,486.0,490.75,478.45,480.15,4258886
2020-12-16 05:30:00,481.8,488.0,481.2,486.25,2329667
2020-12-17 05:30:00,488.0,489.4,479.25,482.15,1180321
2020-12-18 05:30:00,482.8,487.5,475.65,482.55,1855414
2020-12-21 05:30:00,482.0,485.55,458.4,469.2,2098235
2020-12-22 05:30:00,466.25,483.95,458.6,482.5,2183487
2020-12-23 05:30:00,483.95,490.0,482.5,484.75,1561748
2020-12-24 05:30:00,487.1,508.0,484.8,496.15,3762372
2020-12-28 05:30:00,499.8,504.5,491.25,500.95,1180403
2020-12-29 05:30:00,505.2,506.0,495.5,499.95,829722
2020-12-30 05:30:00,500.0,502.4,491.4,498.75,763177
2020-12-31 05:30:00,498.7,502.0,492.3,498.85,1009696
2021-01-01 05:30:00,501.0,501.4,496.25,498.7,406883
2021-01-04 05:30:00,500.2,505.95,494.5,503.9,2045373
2021-01-05 05:30:00,505.5,515.0,503.3,507.5,2875138
2021-01-06 05:30:00,512.0,518.85,504.15,510.4,2500109
2021-01-07 05:30:00,512.95,517.5,506.05,509.7,1291499
2021-01-08 05:30:00,512.95,534.5,512.95,525.9,3319428
2021-01-11 05:30:00,529.45,537.9,521.9,526.15,2618209
2021-01-12 05:30:00,526.0,526.0,518.3,521.65,723061
2021-01-13 05:30:00,528.0,529.4,505.15,509.7,1946749
2021-01-14 05:30:00,512.65,517.0,506.55,508.95,1624080
2021-01-15 05:30:00,512.6,524.0,497.8,499.7,3485884
2021-01-18 05:30:00,499.7,513.15,497.95,506.9,3612852
2021-01-19 05:30:00,510.0,518.5,509.0,515.55,1948275
2021-01-20 05:30:00,515.55,526.0,513.75,515.25,1645065
2021-01-21 05:30:00,516.15,519.85,503.85,506.1,1384253
2021-01-22 05:30:00,505.0,510.9,500.0,501.9,1315963
2021-01-25 05:30:00,503.85,512.25,496.95,501.9,2495065
2021-01-27 05:30:00,506.9,507.25,497.6,499.05,2814565
2021-01-28 05:30:00,498.55,501.2,487.15,490.9,2959988
2021-01-29 05:30:00,491.1,502.0,477.7,481.0,2862687
2021-02-01 05:30:00,482.35,510.45,477.7,489.45,6411426
2021-02-02 05:30:00,492.0,498.85,473.35,475.0,6208284
2021-02-03 05:30:00,477.0,485.9,470.45,478.5,6378685
2021-02-04 05:30:00,482.9,488.2,472.55,476.6,4918494
2021-02-05 05:30:00,477.0,484.5,470.05,472.35,2196185
2021-02-08 05:30:00,474.0,480.95,472.05,476.8,2499143
2021-02-09 05:30:00,479.8,484.9,473.25,476.85,2723616
2021-02-10 05:30:00,481.0,484.0,471.6,476.15,4595501
2021-02-11 05:30:00,478.7,493.55,478.45,491.25,6173851
2021-02-12 05:30:00,495.0,497.95,485.0,487.25,3278557
2021-02-15 05:30:00,492.2,497.0,485.2,486.35,1357245
2021-02-16 05:30:00,488.7,495.45,486.15,490.75,1989191
2021-02-17 05:30:00,493.7,503.5,486.6,488.3,2433135
2021-02-18 05:30:00,491.0,494.95,484.85,486.2,2124979
2021-02-19 05:30:00,487.0,497.45,479.3,485.45,3191423
2021-02-22 05:30:00,482.0,490.0,462.55,465.75,2034807
2021-02-23 05:30:00,464.55,473.45,460.0,470.9,2835512
2021-02-24 05:30:00,470.0,479.05,462.0,477.6,1249040
2021-02-25 05:30:00,476.5,494.0,475.35,477.65,2844315
2021-02-26 05:30:00,474.7,474.7,457.85,461.55,2901531
2021-03-01 05:30:00,464.05,477.2,464.05,472.15,2102226
2021-03-02 05:30:00,475.0,480.15,471.5,477.15,1389228
2021-03-03 05:30:00,482.0,491.95,477.0,490.2,3116160
2021-03-04 05:30:00,484.9,501.0,482.6,497.65,3012310
2021-03-05 05:30:00,498.0,498.55,481.1,483.5,1777392
2021-03-08 05:30:00,489.0,489.0,477.85,479.05,2392708
2021-03-09 05:30:00,477.5,497.8,477.4,486.2,4139045
2021-03-10 05:30:00,488.95,490.55,481.0,484.0,1617245
2021-03-12 05:30:00,485.0,485.7,461.0,461.8,6200011
2021-03-15 05:30:00,462.0,463.9,440.0,450.25,8306079
2021-03-16 05:30:00,452.0,452.95,442.7,443.9,1879451
2021-03-17 05:30:00,445.25,445.85,425.0,426.55,5588690
2021-03-18 05:30:00,431.0,433.9,420.3,422.05,2464248
2021-03-19 05:30:00,421.15,432.65,418.5,430.05,3347335
2021-03-22 05:30:00,430.2,439.1,430.0,437.75,3393413
2021-03-23 05:30:00,439.75,443.5,434.25,435.95,2036779
2021-03-24 05:30:00,432.95,437.4,428.4,429.8,1996824
2021-03-25 05:30:00,431.9,438.95,425.65,430.05,2524740
2021-03-26 05:30:00,434.5,440.0,429.5,430.65,2063367
2021-03-30 05:30:00,436.4,440.8,430.3,431.75,2227776
2021-03-31 05:30:00,431.75,448.65,431.75,445.6,3348293
2021-04-01 05:30:00,447.45,449.05,437.5,444.35,1520418
2021-04-05 05:30:00,446.5,446.95,433.5,436.7,2524024
2021-04-06 05:30:00,438.0,451.55,437.5,448.5,1420980
2021-04-07 05:30:00,448.9,457.5,448.1,455.85,1452862
2021-04-08 05:30:00,457.9,460.15,452.0,454.85,1478920
2021-04-09 05:30:00,455.1,461.0,450.5,455.5,1378413
2021-04-12 05:30:00,448.15,450.0,431.3,443.7,1903602
2021-04-13 05:30:00,444.0,460.65,442.05,458.9,1962407
2021-04-15 05:30:00,458.5,462.85,444.1,456.0,1593383
2021-04-16 05:30:00,455.8,465.5,446.6,451.05,3824516
2021-04-19 05:30:00,449.0,454.5,432.85,452.05,1378019
2021-04-20 05:30:00,465.5,514.9,465.5,477.95,23054764
2021-04-22 05:30:00,477.9,494.1,474.2,492.75,3559359
2021-04-23 05:30:00,493.5,525.8,489.25,512.4,13678921
2021-04-26 05:30:00,517.1,547.0,506.25,543.9,10662743
2021-04-27 05:30:00,546.8,546.8,520.35,526.7,5801452
2021-04-28 05:30:00,526.7,537.9,518.3,520.85,3512690
2021-04-29 05:30:00,527.65,532.35,521.5,524.5,1999450
2021-04-30 05:30:00,521.05,534.5,517.15,521.95,2220242
2021-05-03 05:30:00,521.95,554.7,520.1,551.7,5827600
2021-05-04 05:30:00,555.0,565.45,540.75,553.7,6399340
2021-05-05 05:30:00,561.0,574.7,551.5,559.4,5896393
2021-05-06 05:30:00,560.0,570.0,554.0,564.55,5263339
2021-05-07 05:30:00,566.0,577.85,558.5,561.75,2475435
2021-05-10 05:30:00,561.3,564.8,552.15,556.3,1639057
2021-05-11 05:30:00,553.0,574.5,552.0,572.6,2049687
2021-05-12 05:30:00,570.9,570.9,553.85,556.0,2087721
2021-05-14 05:30:00,555.0,563.0,550.2,560.15,2324690
2021-05-17 05:30:00,562.0,567.9,546.0,548.7,1902960
2021-05-18 05:30:00,550.2,558.85,546.0,548.05,1713218
2021-05-19 05:30:00,546.0,551.55,538.6,544.3,2703510
2021-05-20 05:30:00,549.75,557.55,540.0,541.9,1951638
2021-05-21 05:30:00,544.1,547.55,540.1,544.9,821007
2021-05-24 05:30:00,543.25,555.95,542.2,553.8,1138695
2021-05-25 05:30:00,558.0,558.8,529.6,531.15,3754856
2021-05-26 05:30:00,534.0,544.9,524.1,525.9,2752131
2021-05-27 05:30:00,527.0,539.75,521.25,527.35,4384125
2021-05-28 05:30:00,532.0,549.55,530.5,546.7,2950615
2021-05-31 05:30:00,549.6,556.0,543.85,554.25,3587349
2021-06-01 05:30:00,554.5,558.95,550.2,552.0,1485979
2021-06-02 05:30:00,553.0,569.7,553.0,566.1,2704314
2021-06-03 05:30:00,566.1,572.0,560.0,569.7,2285297
2021-06-04 05:30:00,572.25,581.0,570.25,578.25,2107895
2021-06-07 05:30:00,581.1,584.65,575.6,582.15,1608520
2021-06-08 05:30:00,580.0,588.85,571.4,573.7,1946167
2021-06-09 05:30:00,577.0,582.75,569.3,571.15,1846102
2021-06-10 05:30:00,572.0,585.0,571.4,581.4,1425876
2021-06-11 05:30:00,583.8,588.9,574.05,579.75,1354494
2021-06-14 05:30:00,578.0,593.35,567.2,587.9,1862163
2021-06-15 05:30:00,592.95,592.95,584.6,587.6,939062
2021-06-16 05:30:00,583.4,591.05,575.9,577.8,1195389
2021-06-17 05:30:00,571.0,593.0,569.8,589.95,1804775
2021-06-18 05:30:00,593.1,596.95,576.25,580.0,2113630
2021-06-21 05:30:00,568.0,585.0,568.0,579.3,2011823
2021-06-22 05:30:00,582.8,607.5,578.05,602.45,3708975
2021-06-23 05:30:00,606.55,613.5,599.3,605.35,3056544
2021-06-24 05:30:00,606.0,611.25,600.0,601.05,1784584
2021-06-25 05:30:00,600.0,621.8,599.0,616.25,1877031
2021-06-28 05:30:00,620.0,621.95,612.25,619.6,1885634
2021-06-29 05:30:00,619.0,619.0,611.0,614.7,1327365
2021-06-30 05:30:00,617.2,625.6,609.85,612.7,1404940
2021-07-01 05:30:00,612.5,617.9,611.65,614.35,469541
2021-07-02 05:30:00,615.0,624.0,609.5,619.4,821683
2021-07-05 05:30:00,626.0,626.85,617.25,621.25,943166
2021-07-06 05:30:00,622.0,634.45,620.2,627.1,1891013
2021-07-07 05:30:00,625.95,635.4,620.0,628.05,1025597
2021-07-08 05:30:00,627.95,634.75,614.3,621.1,1486586
2021-07-09 05:30:00,622.0,622.7,609.1,613.35,1547983
2021-07-12 05:30:00,615.0,630.0,613.75,625.5,701501
2021-07-13 05:30:00,629.0,630.6,621.0,626.25,807672
2021-07-14 05:30:00,627.5,633.05,624.25,632.05,1043356
2021-07-15 05:30:00,634.0,634.8,620.8,622.65,867416
2021-07-16 05:30:00,623.5,630.4,616.75,627.05,730879
2021-07-19 05:30:00,623.0,629.45,618.0,626.25,578318
2021-07-20 05:30:00,625.0,625.35,601.6,604.8,1206624
2021-07-22 05:30:00,625.0,661.0,622.0,635.4,10227856
2021-07-23 05:30:00,636.25,647.5,632.0,645.05,1788239
2021-07-26 05:30:00,644.45,650.0,639.25,646.8,991364
2021-07-27 05:30:00,640.75,657.9,639.3,653.8,1211793
2021-07-28 05:30:00,655.0,657.0,645.0,652.6,833274
2021-07-29 05:30:00,652.5,659.55,633.65,636.35,1739712
2021-07-30 05:30:00,638.4,647.7,631.3,632.95,1123140
2021-08-02 05:30:00,640.8,645.0,631.0,633.85,811129
2021-08-03 05:30:00,638.0,652.4,632.25,651.0,1322970
2021-08-04 05:30:00,653.4,684.7,653.4,669.75,6731389
2021-08-05 05:30:00,670.0,673.2,648.85,650.5,1116383
2021-08-06 05:30:00,651.6,656.75,646.8,650.95,736948
2021-08-09 05:30:00,646.95,654.9,645.15,651.9,761420
2021-08-10 05:30:00,652.0,668.0,651.55,658.7,2172833
2021-08-11 05:30:00,659.8,661.0,633.85,656.4,1255215
2021-08-12 05:30:00,652.0,672.3,645.0,669.6,815791
2021-08-13 05:30:00,672.0,675.5,668.6,671.4,1062164
2021-08-16 05:30:00,674.0,678.95,666.85,671.8,1183870
2021-08-17 05:30:00,668.2,679.25,664.75,676.3,1263490
2021-08-18 05:30:00,677.8,694.5,677.05,680.7,1706339
2021-08-20 05:30:00,676.5,688.95,662.0,666.2,1402309
2021-08-23 05:30:00,666.0,683.9,653.75,681.45,1168916
2021-08-24 05:30:00,683.3,686.8,663.0,669.0,1738142
2021-08-25 05:30:00,672.45,673.85,653.55,655.4,1366058
2021-08-26 05:30:00,651.1,656.75,645.3,651.85,2039779
2021-08-27 05:30:00,652.65,661.95,649.0,656.15,3004366
2021-08-30 05:30:00,655.0,673.9,655.0,659.0,2694191
2021-08-31 05:30:00,661.45,666.0,648.7,659.1,7583164
2021-09-01 05:30:00,659.1,668.8,656.6,658.45,2107316
2021-09-02 05:30:00,658.0,680.0,651.0,676.1,6392642
2021-09-03 05:30:00,681.7,708.0,679.05,697.75,5187411
2021-09-06 05:30:00,704.65,704.65,690.3,693.95,1432370
2021-09-07 05:30:00,693.8,714.6,689.7,702.1,4375348
2021-09-08 05:30:00,705.5,724.3,703.65,717.15,5081027
2021-09-09 05:30:00,716.45,718.0,694.5,696.7,1399121
2021-09-13 05:30:00,694.95,697.8,684.05,693.4,831384
2021-09-14 05:30:00,698.8,700.25,687.5,689.9,630884
2021-09-15 05:30:00,689.9,698.0,689.05,695.5,699280
2021-09-16 05:30:00,698.0,707.4,691.4,699.7,899461
2021-09-17 05:30:00,702.0,707.0,692.55,703.55,977353
2021-09-20 05:30:00,693.0,702.0,676.0,678.55,517449
2021-09-21 05:30:00,677.0,696.6,670.4,692.3,1011972
2021-09-22 05:30:00,694.95,698.55,685.8,687.85,836209
2021-09-23 05:30:00,697.2,700.0,679.3,685.75,724882
2021-09-24 05:30:00,686.0,693.5,670.5,673.5,1497500
2021-09-27 05:30:00,660.2,678.6,659.2,663.65,1456389
2021-09-28 05:30:00,665.55,678.15,661.25,664.0,1058564
2021-09-29 05:30:00,663.0,678.5,659.8,673.0,809602
2021-09-30 05:30:00,672.7,680.7,666.8,671.85,1038409
2021-10-01 05:30:00,673.75,673.75,658.0,667.8,983466
2021-10-04 05:30:00,667.8,679.9,660.4,676.5,1102024
2021-10-05 05:30:00,672.5,685.5,667.95,678.9,1004027
2021-10-06 05:30:00,681.65,692.55,677.35,678.65,833771
2021-10-07 05:30:00,681.0,687.0,676.55,681.65,577123
2021-10-08 05:30:00,682.0,684.55,659.1,660.15,1516358
2021-10-11 05:30:00,657.0,666.0,650.05,661.5,1380146
2021-10-12 05:30:00,659.0,667.35,655.2,661.7,735067
2021-10-13 05:30:00,663.0,668.55,655.2,656.8,597205
2021-10-14 05:30:00,660.0,661.95,650.0,651.95,1644981
2021-10-18 05:30:00,658.5,678.0,653.0,673.5,1804000
2021-10-19 05:30:00,679.7,682.45,655.55,659.7,1404126
2021-10-20 05:30:00,653.0,661.35,619.15,631.75,4806465
2021-10-21 05:30:00,637.9,643.9,625.0,629.3,890185
2021-10-22 05:30:00,632.0,637.85,619.0,620.5,854607
2021-10-25 05:30:00,620.5,624.0,609.55,621.0,1636443
2021-10-26 05:30:00,617.5,629.0,617.5,622.65,760306
2021-10-27 05:30:00,625.45,642.0,624.7,631.95,2113722
2021-10-28 05:30:00,629.9,635.8,612.55,617.5,958101
2021-10-29 05:30:00,617.0,624.85,609.5,618.4,849041
2021-11-01 05:30:00,622.0,629.5,613.2,626.2,679137
2021-11-02 05:30:00,628.0,633.3,622.3,631.5,749345
2021-11-03 05:30:00,632.0,638.0,619.2,623.3,1196466
2021-11-04 05:30:00,623.3,628.4,622.35,627.2,62521
2021-11-08 05:30:00,631.0,661.25,629.9,655.25,2511660
2021-11-09 05:30:00,660.7,660.7,646.85,651.3,654373
2021-11-10 05:30:00,646.35,657.7,641.75,646.4,1651015
2021-11-11 05:30:00,646.3,646.4,637.3,642.05,828847
2021-11-12 05:30:00,648.35,679.95,642.2,672.6,4491815
2021-11-15 05:30:00,677.0,677.0,661.1,664.25,969921
2021-11-16 05:30:00,661.5,664.8,650.4,653.35,831042
2021-11-17 05:30:00,651.0,665.6,641.1,643.25,955365
2021-11-18 05:30:00,646.45,655.0,637.55,640.15,1278065
2021-11-22 05:30:00,640.9,642.95,616.25,620.3,711313
2021-11-23 05:30:00,614.25,629.45,605.5,616.25,1130744
2021-11-24 05:30:00,616.25,625.15,596.6,604.1,1226406
2021-11-25 05:30:00,604.1,607.55,596.05,599.55,1030337
2021-11-26 05:30:00,594.75,597.35,587.65,589.9,1352143
2021-11-29 05:30:00,588.0,593.0,567.8,587.25,1604837
2021-11-30 05:30:00,587.25,602.95,585.0,593.05,2282710
2021-12-01 05:30:00,594.05,608.0,592.35,597.05,1149322
2021-12-02 05:30:00,594.8,611.4,594.35,608.7,1093076
2021-12-03 05:30:00,608.7,612.55,600.65,603.35,771454
2021-12-06 05:30:00,605.0,605.0,585.05,585.95,617655
2021-12-07 05:30:00,586.8,597.8,584.25,586.7,1019618
2021-12-08 05:30:00,589.65,592.5,585.8,587.0,846411
2021-12-09 05:30:00,594.9,594.9,576.0,580.0,884269
2021-12-10 05:30:00,583.0,583.0,575.5,578.15,1283392
2021-12-13 05:30:00,577.0,580.9,566.2,568.1,922516
2021-12-14 05:30:00,565.65,577.75,563.1,576.5,1916743
2021-12-15 05:30:00,576.5,577.15,557.65,566.85,1558734
2021-12-16 05:30:00,569.0,580.95,569.0,578.05,1532681
2021-12-17 05:30:00,575.0,577.95,554.3,556.4,923395
2021-12-20 05:30:00,552.0,555.0,533.65,541.45,891596
2021-12-21 05:30:00,542.0,563.2,542.0,558.2,1057729
2021-12-22 05:30:00,556.8,559.85,550.5,558.1,1018098
2021-12-23 05:30:00,558.2,570.0,554.9,562.65,1037910
2021-12-24 05:30:00,565.0,567.0,555.0,564.35,771191
2021-12-27 05:30:00,565.0,565.75,554.7,559.2,574243
2021-12-28 05:30:00,560.15,567.0,560.15,563.75,390302
2021-12-29 05:30:00,563.8,565.8,553.0,554.85,398189
2021-12-30 05:30:00,554.9,555.75,547.05,552.2,655865
2021-12-31 05:30:00,552.0,564.5,550.2,560.8,820877
2022-01-03 05:30:00,560.8,568.8,555.65,567.2,749105
2022-01-04 05:30:00,570.9,575.0,564.25,570.95,823907
2022-01-05 05:30:00,573.5,580.0,569.2,575.25,1058318
2022-01-06 05:30:00,574.15,578.0,565.35,575.05,599257
2022-01-07 05:30:00,575.1,586.5,574.6,583.8,843083
2022-01-10 05:30:00,584.8,591.0,582.5,589.7,1187483
2022-01-11 05:30:00,590.0,598.55,580.5,583.1,1842785
2022-01-12 05:30:00,585.0,590.0,574.9,588.25,1343692
2022-01-13 05:30:00,592.2,598.0,586.5,590.75,825569
2022-01-14 05:30:00,592.5,603.4,587.25,591.1,1146250
2022-01-17 05:30:00,591.0,621.0,591.0,615.65,2806939
2022-01-18 05:30:00,618.5,648.85,603.55,608.0,1705767
2022-01-19 05:30:00,601.0,601.0,565.0,573.8,3567443
2022-01-20 05:30:00,573.8,580.55,568.2,578.45,837671
2022-01-21 05:30:00,578.0,585.55,570.65,577.55,1039247
2022-01-24 05:30:00,578.5,578.5,557.3,568.05,1103122
2022-01-25 05:30:00,560.0,568.65,552.65,556.25,1496614
2022-01-27 05:30:00,556.0,556.0,537.0,543.35,1360316
2022-01-28 05:30:00,545.1,558.0,541.25,545.35,1481096
2022-01-31 05:30:00,549.75,563.2,548.1,560.45,854900
2022-02-01 05:30:00,563.1,569.9,550.7,556.55,613078
2022-02-02 05:30:00,557.75,563.05,549.7,553.75,1281110
2022-02-03 05:30:00,554.5,555.8,540.0,544.2,715909
2022-02-04 05:30:00,543.9,548.75,534.1,535.8,1177060
2022-02-07 05:30:00,535.7,538.0,516.0,522.95,914910
2022-02-08 05:30:00,523.25,527.1,510.5,515.9,1168893
2022-02-09 05:30:00,515.0,523.0,513.6,515.8,1128825
2022-02-10 05:30:00,519.0,529.0,505.35,527.85,2317150
2022-02-11 05:30:00,526.4,528.0,513.5,517.3,1108104
2022-02-14 05:30:00,509.8,510.15,499.6,502.6,1570259
2022-02-15 05:30:00,504.0,514.4,500.1,507.1,4658100
2022-02-16 05:30:00,510.0,514.95,496.35,502.75,4242647
2022-02-17 05:30:00,505.0,521.55,497.5,517.9,3870751
2022-02-18 05:30:00,518.65,529.75,512.25,525.2,3051523
2022-02-21 05:30:00,521.35,521.35,509.05,510.55,1516500
2022-02-22 05:30:00,500.5,507.45,492.55,505.1,1963371
2022-02-23 05:30:00,506.5,508.9,497.15,500.75,2250197
2022-02-24 05:30:00,480.2,483.9,465.0,467.15,2797675
2022-02-25 05:30:00,480.0,489.45,471.3,477.45,1565587
2022-02-28 05:30:00,473.0,480.6,461.75,479.15,1370338
2022-03-02 05:30:00,468.35,498.45,468.35,487.8,2067476
2022-03-03 05:30:00,494.0,494.0,462.0,464.9,1585349
2022-03-04 05:30:00,460.0,461.7,447.1,451.9,1310780
2022-03-07 05:30:00,442.5,456.6,435.35,446.8,1018923
2022-03-08 05:30:00,434.0,452.5,430.0,449.15,3228764
2022-03-09 05:30:00,452.5,456.65,445.6,449.25,1262246
2022-03-10 05:30:00,461.0,469.45,458.45,459.85,5701416
2022-03-11 05:30:00,459.85,465.0,453.35,463.05,565846
2022-03-14 05:30:00,463.0,466.75,453.7,463.4,711779
2022-03-15 05:30:00,461.55,473.15,455.0,458.0,1488103
2022-03-16 05:30:00,462.5,470.75,462.0,468.5,1672222
2022-03-17 05:30:00,475.0,494.95,470.6,492.3,2725253
2022-03-21 05:30:00,497.8,498.35,476.75,477.45,1481944
2022-03-22 05:30:00,478.0,485.8,471.0,481.75,1100486
2022-03-23 05:30:00,483.55,491.1,476.3,477.6,883906
2022-03-24 05:30:00,475.0,484.0,472.85,482.9,854779
2022-03-25 05:30:00,487.45,492.0,482.3,488.25,948657
2022-03-28 05:30:00,488.25,490.0,466.6,478.7,1197964
2022-03-29 05:30:00,483.45,497.0,477.95,495.55,2384936
2022-03-30 05:30:00,497.2,505.5,491.9,500.25,1659077
2022-03-31 05:30:00,498.6,505.05,494.0,500.9,978683
2022-04-01 05:30:00,500.0,509.15,493.6,508.0,899718
2022-04-04 05:30:00,509.4,519.2,505.65,509.15,1863273
2022-04-05 05:30:00,511.45,512.0,501.25,508.15,1952597
2022-04-06 05:30:00,506.0,522.0,506.0,516.5,2016994
2022-04-07 05:30:00,517.0,528.9,514.15,521.55,1371691
2022-04-08 05:30:00,524.9,536.1,523.1,533.8,1373146
2022-04-11 05:30:00,533.0,538.9,524.0,537.15,1240144
2022-04-12 05:30:00,537.15,539.6,527.4,535.3,1730635
2022-04-13 05:30:00,535.3,544.0,535.0,541.0,1466661
2022-04-18 05:30:00,544.0,568.9,532.8,542.15,6331274
2022-04-19 05:30:00,549.0,554.35,510.05,515.8,2390374
2022-04-20 05:30:00,523.0,527.55,512.1,526.25,1244264
2022-04-21 05:30:00,529.0,539.5,528.2,532.55,743722
2022-04-22 05:30:00,531.0,532.75,519.2,524.1,1047660
2022-04-25 05:30:00,520.9,520.9,504.7,516.95,1207655
2022-04-26 05:30:00,520.0,531.85,518.5,523.5,1030700
2022-04-27 05:30:00,521.45,522.15,511.1,518.6,986577
2022-04-28 05:30:00,525.8,536.0,519.0,534.25,610435
2022-04-29 05:30:00,534.25,538.0,522.9,525.75,1381930
2022-05-02 05:30:00,520.0,528.4,514.6,518.9,915849
2022-05-04 05:30:00,524.0,524.0,505.45,511.35,3018060
2022-05-05 05:30:00,516.45,529.9,508.8,512.95,885442
2022-05-06 05:30:00,502.7,515.9,502.05,510.05,445626
2022-05-09 05:30:00,503.5,512.95,500.0,504.85,752383
2022-05-10 05:30:00,500.0,512.55,498.0,499.0,1005028
2022-05-11 05:30:00,503.2,515.55,497.7,508.1,1301977
2022-05-12 05:30:00,502.7,510.7,487.1,488.85,1290273
2022-05-13 05:30:00,494.7,504.0,483.85,489.4,588078
2022-05-16 05:30:00,493.9,504.0,490.3,500.3,1785166
2022-05-17 05:30:00,501.95,506.6,491.9,500.3,1405537
2022-05-18 05:30:00,506.35,517.6,501.05,502.7,1374241
2022-05-19 05:30:00,497.7,502.9,491.3,498.1,1493267
2022-05-20 05:30:00,508.8,519.3,503.25,513.5,1915040
2022-05-23 05:30:00,513.0,521.85,506.3,507.9,1661338
2022-05-24 05:30:00,509.0,513.9,501.1,507.45,1304180
2022-05-25 05:30:00,515.0,523.9,506.3,520.65,1851632
2022-05-26 05:30:00,523.95,533.9,507.65,528.9,1699683
2022-05-27 05:30:00,530.0,534.1,526.5,529.3,734562
2022-05-30 05:30:00,531.0,535.0,526.85,530.4,576915
2022-05-31 05:30:00,527.9,534.05,515.55,521.6,4200943
2022-06-01 05:30:00,521.6,551.95,521.6,547.9,3568640
2022-06-02 05:30:00,547.9,548.75,537.6,545.35,999704
2022-06-03 05:30:00,550.0,556.0,545.55,549.2,1329515
2022-06-06 05:30:00,548.0,566.25,544.55,565.05,1537644
2022-06-07 05:30:00,565.35,566.0,550.05,556.15,2608901
2022-06-08 05:30:00,560.0,562.65,540.45,543.55,2403675
2022-06-09 05:30:00,542.0,564.9,537.75,563.3,1240115
2022-06-10 05:30:00,559.0,567.95,555.0,559.05,1453967
2022-06-13 05:30:00,544.0,559.35,540.0,542.25,1244535
2022-06-14 05:30:00,530.0,542.1,528.75,531.55,758503
2022-06-15 05:30:00,537.8,537.8,522.5,524.5,953588
2022-06-16 05:30:00,528.0,529.0,509.5,519.8,1629491
2022-06-17 05:30:00,514.0,518.6,502.05,507.3,2300300
2022-06-20 05:30:00,509.0,511.5,497.05,501.25,583036
2022-06-21 05:30:00,503.15,508.0,499.05,502.4,879407
2022-06-22 05:30:00,503.8,503.8,484.4,486.9,1365720
2022-06-23 05:30:00,490.4,500.0,487.6,497.15,887509
2022-06-24 05:30:00,500.0,504.85,491.9,492.85,755037
2022-06-27 05:30:00,503.0,503.0,490.0,494.65,1338752
2022-06-28 05:30:00,492.6,494.9,474.55,490.65,2848824
2022-06-29 05:30:00,486.75,492.35,475.0,482.65,1607478
2022-06-30 05:30:00,485.7,492.4,481.5,489.0,2003895
2022-07-01 05:30:00,489.0,502.45,484.2,500.25,757837
2022-07-04 05:30:00,503.75,513.0,499.4,511.3,583745
2022-07-05 05:30:00,514.4,519.15,497.95,500.45,1100985
2022-07-06 05:30:00,496.55,511.15,495.5,509.35,1369599
2022-07-07 05:30:00,513.0,524.2,513.0,521.95,1383386
2022-07-08 05:30:00,528.0,533.65,490.15,518.25,1114177
2022-07-11 05:30:00,521.8,523.8,515.35,521.95,993527
2022-07-12 05:30:00,519.7,528.75,518.35,525.85,775141
2022-07-13 05:30:00,528.0,530.8,521.1,524.85,370275
2022-07-14 05:30:00,524.8,527.95,507.05,513.35,1489989
2022-07-15 05:30:00,513.35,519.55,509.1,517.1,507227
2022-07-18 05:30:00,520.0,527.55,514.3,523.05,2179908
2022-07-19 05:30:00,518.05,523.0,513.0,520.9,958999
2022-07-20 05:30:00,526.0,527.0,517.95,522.95,1269438
2022-07-21 05:30:00,522.5,533.0,517.3,530.75,1034726
2022-07-22 05:30:00,531.95,533.95,524.5,532.25,632750
2022-07-25 05:30:00,534.0,536.9,529.25,532.05,811189
2022-07-26 05:30:00,530.0,533.6,525.35,527.05,985028
2022-07-27 05:30:00,524.4,530.75,524.2,528.95,474029
2022-07-28 05:30:00,533.0,534.0,525.8,530.0,992988
2022-07-29 05:30:00,535.85,557.9,532.4,553.6,2000993
2022-08-01 05:30:00,555.0,560.9,548.7,559.45,1281302
2022-08-02 05:30:00,556.0,556.0,535.0,543.55,1301732
2022-08-03 05:30:00,545.95,551.0,533.45,549.3,1216028
2022-08-04 05:30:00,551.65,562.8,549.0,560.15,1151125
2022-08-05 05:30:00,565.1,587.0,563.7,582.1,5334618
2022-08-08 05:30:00,582.05,584.65,566.15,569.85,1347055
2022-08-10 05:30:00,562.0,565.15,551.25,557.15,1306663
2022-08-11 05:30:00,560.1,562.95,546.0,547.35,668705
2022-08-12 05:30:00,547.35,562.1,544.6,558.8,1960389
2022-08-16 05:30:00,558.8,580.3,558.8,577.9,1345162
2022-08-17 05:30:00,576.8,585.6,574.2,580.5,594022
2022-08-18 05:30:00,580.5,603.95,577.4,593.7,2601445
2022-08-19 05:30:00,593.65,596.9,572.0,576.5,902084
2022-08-22 05:30:00,576.5,591.2,572.3,577.25,1793541
2022-08-23 05:30:00,569.2,589.55,565.65,580.55,1008724
2022-08-24 05:30:00,577.75,586.9,576.95,584.4,662161
2022-08-25 05:30:00,586.9,594.35,585.55,589.2,1199573
2022-08-26 05:30:00,590.0,601.7,589.85,591.85,1078855
2022-08-29 05:30:00,581.0,588.0,576.5,582.05,597246
2022-08-30 05:30:00,585.45,596.25,580.0,594.6,1091640
2022-09-01 05:30:00,593.2,595.0,575.55,593.3,1599521
2022-09-02 05:30:00,593.5,608.75,589.15,592.9,1395603
2022-09-05 05:30:00,589.25,590.95,581.1,585.05,657452
2022-09-06 05:30:00,588.0,592.65,582.0,591.2,686162
2022-09-07 05:30:00,586.0,595.05,585.1,594.05,619280
2022-09-08 05:30:00,596.05,597.25,583.35,593.05,700911
2022-09-09 05:30:00,596.65,596.85,583.9,585.05,432666
2022-09-12 05:30:00,584.0,594.95,582.25,588.95,929506
2022-09-13 05:30:00,590.0,595.8,583.4,584.8,713984
2022-09-14 05:30:00,579.15,582.5,573.0,578.45,1051249
2022-09-15 05:30:00,579.05,587.7,572.95,575.2,723271
2022-09-16 05:30:00,568.5,576.0,551.85,556.35,1336993
2022-09-19 05:30:00,558.6,562.75,547.0,557.05,978275
2022-09-20 05:30:00,559.85,570.95,557.7,561.0,696855
2022-09-21 05:30:00,560.0,568.5,556.5,558.6,526464
2022-09-22 05:30:00,554.5,560.0,546.2,553.05,561073
2022-09-23 05:30:00,553.95,555.95,540.55,545.55,426887
2022-09-26 05:30:00,540.0,544.1,528.45,535.15,1039247
2022-09-27 05:30:00,533.55,537.65,526.05,532.5,810771
2022-09-28 05:30:00,529.5,538.05,526.45,532.7,1020329
2022-09-29 05:30:00,535.4,539.25,520.2,529.9,1214269
2022-09-30 05:30:00,519.3,530.0,515.05,525.95,1645466
2022-10-03 05:30:00,520.0,528.2,509.0,509.9,714660
2022-10-04 05:30:00,513.9,528.45,513.6,526.9,1090829
2022-10-06 05:30:00,533.55,533.55,519.7,521.65,1122254
2022-10-07 05:30:00,521.0,525.85,514.2,522.6,1832202
2022-10-10 05:30:00,520.0,521.0,512.0,515.6,749885
2022-10-11 05:30:00,515.6,519.7,507.9,508.8,585165
2022-10-12 05:30:00,511.35,514.35,504.0,512.1,606618
2022-10-13 05:30:00,512.2,512.8,499.1,500.85,668379
2022-10-14 05:30:00,506.1,519.8,501.75,513.35,1259463
2022-10-17 05:30:00,511.5,515.95,503.0,509.7,1256193
2022-10-18 05:30:00,510.0,514.7,500.65,513.4,1113585
2022-10-19 05:30:00,513.55,517.35,506.5,508.2,761308
2022-10-20 05:30:00,506.7,520.5,501.25,518.8,1640059
2022-10-21 05:30:00,521.4,521.4,505.05,510.0,1522576
2022-10-24 05:30:00,520.2,520.2,510.5,511.7,97311
2022-10-25 05:30:00,512.0,512.95,501.0,503.8,2221480
2022-10-27 05:30:00,508.0,511.0,490.0,500.4,2379714
2022-10-28 05:30:00,502.45,507.4,499.65,502.15,625611
2022-10-31 05:30:00,500.0,509.25,499.0,507.55,1193917
2022-11-01 05:30:00,509.5,522.75,509.0,520.25,722561
2022-11-02 05:30:00,516.5,523.15,515.7,517.25,433564
2022-11-03 05:30:00,516.55,524.75,512.05,519.15,460314
2022-11-04 05:30:00,520.0,520.15,511.2,514.6,341572
2022-11-07 05:30:00,516.0,519.3,507.55,513.1,668753
2022-11-09 05:30:00,513.2,514.0,499.1,500.6,1059104
2022-11-10 05:30:00,500.0,500.2,484.7,489.1,1246010
2022-11-11 05:30:00,491.55,497.3,486.15,488.6,3170570
2022-11-14 05:30:00,490.0,490.1,483.7,485.6,1661259
2022-11-15 05:30:00,485.0,486.15,478.7,481.1,2019173
2022-11-16 05:30:00,480.0,484.15,474.1,475.0,2086052
2022-11-17 05:30:00,471.7,482.0,471.7,476.95,1731223
2022-11-18 05:30:00,477.05,478.0,464.0,469.7,2592536
2022-11-21 05:30:00,469.7,472.0,462.55,465.3,904399
2022-11-22 05:30:00,464.9,468.7,459.0,467.35,1083032
2022-11-23 05:30:00,468.2,469.0,453.9,460.1,4297126
2022-11-24 05:30:00,462.45,466.9,459.0,462.0,2639177
2022-11-25 05:30:00,461.3,468.8,450.6,452.1,6951008
2022-11-28 05:30:00,454.3,459.9,452.75,455.15,5207226
2022-11-29 05:30:00,456.9,473.95,453.85,471.1,10301083
2022-11-30 05:30:00,473.5,478.95,470.55,476.2,3786647
2022-12-01 05:30:00,479.0,479.15,472.5,476.65,2717911
2022-12-02 05:30:00,478.3,483.45,474.1,482.25,1566499
2022-12-05 05:30:00,484.8,484.8,470.75,475.3,1866186
2022-12-06 05:30:00,475.8,479.9,467.1,468.0,1666287
2022-12-07 05:30:00,470.0,471.4,464.2,465.1,1006428
2022-12-08 05:30:00,465.1,466.55,460.25,462.25,1233437
2022-12-09 05:30:00,465.7,466.0,455.0,456.85,1708947
2022-12-12 05:30:00,456.55,456.85,448.0,450.9,3598421
2022-12-13 05:30:00,452.0,453.65,448.6,449.8,977791
2022-12-14 05:30:00,452.5,456.5,450.9,453.6,1345298
2022-12-15 05:30:00,455.0,462.0,451.5,453.0,2428957
2022-12-16 05:30:00,451.05,452.5,443.2,444.35,1571656
2022-12-19 05:30:00,445.6,453.3,444.65,452.65,652572
2022-12-20 05:30:00,453.0,456.5,447.0,454.35,1351150
2022-12-21 05:30:00,455.0,461.65,451.2,454.2,2303957
2022-12-22 05:30:00,454.5,458.35,446.8,450.2,766591
2022-12-23 05:30:00,448.15,449.3,438.0,439.65,1479721
2022-12-26 05:30:00,438.0,447.7,437.7,445.9,1180235
2022-12-27 05:30:00,446.15,451.0,445.65,450.4,1073611
2022-12-28 05:30:00,450.4,453.6,448.0,449.45,688253
2022-12-29 05:30:00,449.0,452.0,440.8,448.0,1287119
2022-12-30 05:30:00,452.0,455.4,448.5,451.3,895186
2023-01-02 05:30:00,451.3,454.0,444.8,452.4,688085
2023-01-03 05:30:00,454.0,472.0,450.7,468.85,4108248
2023-01-04 05:30:00,470.0,475.0,467.4,468.75,1678426
2023-01-05 05:30:00,469.9,472.45,465.3,471.7,1070708
2023-01-06 05:30:00,471.65,477.8,469.35,473.0,2155725
2023-01-09 05:30:00,475.0,476.25,463.35,466.65,1114854
2023-01-10 05:30:00,466.75,469.6,459.2,465.65,2107951
2023-01-11 05:30:00,465.7,466.9,460.05,461.7,626159
2023-01-12 05:30:00,462.9,467.0,461.05,464.7,667882
2023-01-13 05:30:00,468.0,475.75,468.0,469.55,3153137
2023-01-16 05:30:00,472.0,479.9,469.8,477.55,1909177
2023-01-17 05:30:00,477.55,485.9,470.15,484.8,2334670
2023-01-18 05:30:00,485.3,488.75,475.0,487.35,4673829
2023-01-19 05:30:00,483.7,488.5,481.0,483.45,2083729
2023-01-20 05:30:00,483.2,483.2,467.25,470.7,2730762
2023-01-23 05:30:00,472.05,475.8,468.9,474.7,1061081
2023-01-24 05:30:00,475.4,475.4,468.6,469.95,1196236
2023-01-25 05:30:00,470.45,472.0,461.05,464.15,1045167
2023-01-27 05:30:00,464.1,467.95,458.05,465.25,3031223
2023-01-30 05:30:00,461.1,463.4,446.75,454.5,2213369
2023-01-31 05:30:00,455.8,456.95,448.0,452.4,1285506
2023-02-01 05:30:00,454.1,456.6,390.35,401.95,8989162
2023-02-02 05:30:00,394.0,411.45,387.05,409.45,4499056
2023-02-03 05:30:00,409.0,423.7,408.35,418.0,3550174
2023-02-06 05:30:00,418.0,430.5,417.45,429.15,2453170
2023-02-07 05:30:00,429.65,432.9,422.65,426.05,2003626
2023-02-08 05:30:00,426.95,440.25,425.0,436.4,3047387
2023-02-09 05:30:00,437.0,440.1,434.3,437.25,1049565
2023-02-10 05:30:00,437.0,439.15,433.2,437.55,819408
2023-02-13 05:30:00,437.55,439.75,431.25,437.4,2401650
2023-02-14 05:30:00,438.9,438.95,433.05,436.3,1571426
2023-02-15 05:30:00,434.55,439.8,432.95,438.75,1530243
2023-02-16 05:30:00,438.75,441.7,427.0,428.5,1284438
2023-02-17 05:30:00,424.0,426.25,413.05,417.55,1931928
2023-02-20 05:30:00,416.85,431.75,411.5,420.5,1216225
2023-02-21 05:30:00,421.0,422.95,416.5,418.45,589378
2023-02-22 05:30:00,418.0,418.0,409.2,410.95,925607
2023-02-23 05:30:00,408.55,410.55,401.3,402.5,2357236
2023-02-24 05:30:00,404.0,406.25,397.6,399.7,1103925
2023-02-27 05:30:00,401.25,406.5,390.1,405.2,1414374
2023-02-28 05:30:00,405.9,410.9,402.1,408.9,1498917
2023-03-01 05:30:00,406.1,409.3,400.4,407.85,1386636
2023-03-02 05:30:00,406.0,406.0,397.5,398.45,1482412
2023-03-03 05:30:00,400.4,408.15,398.6,405.55,1054855
2023-03-06 05:30:00,407.0,410.4,404.7,405.4,716260
2023-03-08 05:30:00,404.7,408.2,403.0,407.45,1033956
2023-03-09 05:30:00,407.45,408.8,396.2,397.6,1257806
2023-03-10 05:30:00,394.05,396.2,390.15,394.0,1180810
2023-03-13 05:30:00,391.0,400.85,390.5,392.7,1126280
2023-03-14 05:30:00,391.2,394.7,386.0,387.05,920691
2023-03-15 05:30:00,389.45,393.5,382.2,384.05,2144154
2023-03-16 05:30:00,385.0,418.9,380.7,409.65,9510146
2023-03-17 05:30:00,411.7,414.6,403.65,405.9,4048236
2023-03-20 05:30:00,405.9,408.9,393.55,405.6,1827170
2023-03-21 05:30:00,405.55,424.0,404.75,415.9,4312571
2023-03-22 05:30:00,416.5,431.25,416.5,427.7,3132211
2023-03-23 05:30:00,422.5,426.2,418.0,418.75,1478265
2023-03-24 05:30:00,414.7,423.95,391.0,420.25,3455815
2023-03-27 05:30:00,420.85,421.35,417.0,419.45,1111860
2023-03-28 05:30:00,419.55,422.85,417.0,421.75,1180743
2023-03-29 05:30:00,421.5,428.0,418.9,426.5,1474965
2023-03-31 05:30:00,428.0,439.2,426.9,435.7,2402348
2023-04-03 05:30:00,435.85,441.65,435.0,437.95,760255
2023-04-05 05:30:00,437.9,440.4,433.55,438.1,934408
2023-04-06 05:30:00,438.0,442.45,435.7,440.95,999136
2023-04-10 05:30:00,440.15,440.15,429.2,433.0,1158854
2023-04-11 05:30:00,434.0,443.8,433.0,435.9,1493093
2023-04-12 05:30:00,436.0,445.75,432.95,442.5,2103806
2023-04-13 05:30:00,442.0,450.35,440.55,442.9,1290166
2023-04-17 05:30:00,440.0,451.7,438.25,450.65,1335470
2023-04-18 05:30:00,450.0,452.7,446.85,449.9,1874301
2023-04-19 05:30:00,450.05,454.6,444.65,445.6,4234171
2023-04-20 05:30:00,444.0,461.0,441.5,455.7,4322040
2023-04-21 05:30:00,457.0,462.85,438.6,444.1,8724739
2023-04-24 05:30:00,446.45,447.3,430.65,442.8,3152036
2023-04-25 05:30:00,440.0,445.0,432.0,434.55,2066705
2023-04-26 05:30:00,432.35,436.5,425.3,428.8,2202324
2023-04-27 05:30:00,429.0,429.15,420.05,424.45,1625621
2023-04-28 05:30:00,425.6,436.5,425.5,434.5,1882788
2023-05-02 05:30:00,433.05,440.7,432.55,439.55,1619468
2023-05-03 05:30:00,436.85,439.6,429.75,430.25,1326747
2023-05-04 05:30:00,435.0,440.0,431.25,437.45,1389263
2023-05-05 05:30:00,436.6,439.8,433.85,435.7,932082
2023-05-08 05:30:00,437.05,444.0,434.05,442.05,1143054
2023-05-09 05:30:00,443.0,449.9,441.85,444.7,1142348
2023-05-10 05:30:00,444.0,453.5,443.8,450.85,1118455
2023-05-11 05:30:00,453.9,453.9,446.2,450.0,1806902
2023-05-12 05:30:00,448.5,450.0,429.5,433.3,2384469
2023-05-15 05:30:00,436.0,440.35,433.15,438.7,1211759
2023-05-16 05:30:00,436.3,440.15,431.95,434.25,932792
2023-05-17 05:30:00,433.5,433.5,420.0,424.85,1912343
2023-05-18 05:30:00,425.4,434.4,423.0,424.25,1190785
2023-05-19 05:30:00,426.0,428.05,421.5,425.85,960017
2023-05-22 05:30:00,426.9,440.0,425.7,436.55,1163715
2023-05-23 05:30:00,439.8,444.9,436.1,440.2,1556493
2023-05-24 05:30:00,440.0,444.65,435.0,440.3,524416
2023-05-25 05:30:00,439.0,439.4,433.2,438.25,942466
2023-05-26 05:30:00,438.0,447.75,437.5,445.95,1306017
2023-05-29 05:30:00,447.85,469.95,447.6,461.8,3646628
2023-05-30 05:30:00,459.0,471.15,455.95,467.55,1779817
2023-05-31 05:30:00,466.95,469.05,462.85,466.0,1846067
2023-06-01 05:30:00,471.0,482.55,465.0,478.0,2734461
2023-06-02 05:30:00,482.9,482.9,470.0,471.8,1283206
2023-06-05 05:30:00,473.15,487.0,472.35,485.75,2460361
2023-06-06 05:30:00,488.0,498.3,482.65,496.7,3029195
2023-06-07 05:30:00,499.3,514.5,497.5,507.6,4050016
2023-06-08 05:30:00,508.8,516.55,502.85,512.8,2675656
2023-06-09 05:30:00,501.35,511.6,493.75,495.05,2299463
2023-06-12 05:30:00,494.0,510.0,491.3,503.4,2467369
2023-06-13 05:30:00,506.25,511.2,504.5,507.65,1265647
2023-06-14 05:30:00,509.1,522.8,508.35,517.0,2751526
2023-06-15 05:30:00,516.9,516.9,510.2,512.5,878135
2023-06-16 05:30:00,512.8,540.95,512.8,534.2,4458267
2023-06-19 05:30:00,535.0,553.0,530.6,549.25,2643105
2023-06-20 05:30:00,552.0,566.4,551.05,563.25,3386993
2023-06-21 05:30:00,565.8,571.95,560.6,567.9,4914968
2023-06-22 05:30:00,567.85,577.8,559.65,562.55,2171971
2023-06-23 05:30:00,561.95,567.9,554.4,556.15,1473904
2023-06-26 05:30:00,555.65,577.45,554.5,564.05,2505762
2023-06-27 05:30:00,561.05,582.0,558.0,580.1,2461049
2023-06-28 05:30:00,582.4,583.3,571.35,573.2,1582955
2023-06-30 05:30:00,574.0,574.95,564.4,572.5,1596915
2023-07-03 05:30:00,573.1,580.0,568.9,577.15,1052909
2023-07-04 05:30:00,575.0,578.95,562.75,565.6,977604
2023-07-05 05:30:00,565.65,577.4,564.6,572.4,1222653
2023-07-06 05:30:00,572.35,582.3,570.7,575.8,1317104
2023-07-07 05:30:00,575.8,581.25,571.1,573.3,875633
2023-07-10 05:30:00,578.9,599.0,576.8,595.0,3458701
2023-07-11 05:30:00,600.0,606.0,587.85,594.25,3325022
2023-07-12 05:30:00,595.05,601.95,594.5,597.1,1769333
2023-07-13 05:30:00,605.0,615.6,596.0,598.2,3376033
2023-07-14 05:30:00,601.45,605.65,581.6,587.85,2268610
2023-07-17 05:30:00,591.2,591.2,573.0,582.55,2054738
2023-07-18 05:30:00,584.7,588.9,568.15,574.75,4251884
2023-07-19 05:30:00,578.0,578.0,547.7,559.45,4751341
2023-07-20 05:30:00,562.0,563.5,545.3,547.75,2903375
2023-07-21 05:30:00,547.0,554.5,545.05,551.05,1907284
2023-07-24 05:30:00,552.0,573.0,551.3,570.2,2560127
2023-07-25 05:30:00,567.05,580.95,567.05,577.0,2343717
2023-07-26 05:30:00,576.1,579.8,566.2,576.65,1382192
2023-07-27 05:30:00,576.65,586.2,571.45,572.3,2490047
2023-07-28 05:30:00,574.0,581.8,567.9,580.45,1492937
2023-07-31 05:30:00,579.6,582.0,573.05,579.5,1082164
2023-08-01 05:30:00,580.55,583.95,571.0,574.7,1057168
2023-08-02 05:30:00,574.7,577.1,562.25,567.85,1186260
2023-08-03 05:30:00,565.0,576.0,565.0,570.8,1899228
2023-08-04 05:30:00,570.8,582.0,568.25,579.0,1143739
2023-08-07 05:30:00,581.9,581.9,571.25,578.6,759439
2023-08-08 05:30:00,578.2,585.0,572.5,581.15,1633145
2023-08-09 05:30:00,582.0,586.2,569.0,578.25,907531
2023-08-10 05:30:00,578.25,580.15,573.0,575.65,579432
2023-08-11 05:30:00,575.65,575.65,555.75,560.0,1394053
2023-08-14 05:30:00,557.0,560.0,548.65,555.0,1378329
2023-08-16 05:30:00,552.5,555.25,545.0,545.9,654088
2023-08-17 05:30:00,545.0,548.75,540.7,543.35,714690
2023-08-18 05:30:00,540.5,543.75,535.5,537.5,654768
2023-08-21 05:30:00,537.1,542.65,534.65,537.55,420708
2023-08-22 05:30:00,540.45,561.0,538.1,547.55,2864552
2023-08-23 05:30:00,549.5,554.25,547.05,549.25,994722
2023-08-24 05:30:00,550.3,555.0,542.25,544.75,791591
2023-08-25 05:30:00,542.0,550.45,540.0,548.05,1063787
2023-08-28 05:30:00,548.45,555.35,545.25,548.15,1544351
2023-08-29 05:30:00,548.25,560.2,546.5,558.05,2104744
2023-08-30 05:30:00,558.05,565.9,552.1,560.05,1156303
2023-08-31 05:30:00,563.45,568.9,555.95,563.9,3649073
2023-09-01 05:30:00,565.0,569.15,557.65,561.8,1107985
2023-09-04 05:30:00,560.45,563.9,551.1,553.55,895572
2023-09-05 05:30:00,554.1,558.1,535.1,536.85,2129860
2023-09-06 05:30:00,536.85,540.45,532.0,539.65,814384
2023-09-07 05:30:00,539.65,549.2,521.55,547.15,2932945
2023-09-08 05:30:00,550.0,567.85,545.75,556.7,2744094
2023-09-11 05:30:00,561.5,579.0,557.15,576.55,2168706
2023-09-12 05:30:00,580.0,580.3,552.05,554.55,2740114
2023-09-13 05:30:00,554.0,567.95,549.0,566.7,1404605
2023-09-14 05:30:00,567.9,572.0,564.35,569.5,637421
2023-09-15 05:30:00,570.0,598.2,569.3,595.0,4150275
2023-09-18 05:30:00,594.95,606.4,590.7,602.6,4325246
2023-09-20 05:30:00,600.95,600.95,586.15,588.2,962698
2023-09-21 05:30:00,585.9,588.85,564.25,565.05,1520707
2023-09-22 05:30:00,565.05,580.0,564.45,578.2,1299679
2023-09-25 05:30:00,580.05,580.05,569.05,577.8,1406289
2023-09-26 05:30:00,578.95,586.65,574.45,577.05,1294159
2023-09-27 05:30:00,577.0,581.0,573.15,579.95,953762
2023-09-28 05:30:00,579.75,581.5,563.3,566.1,4110901
2023-09-29 05:30:00,568.9,569.9,560.15,566.2,1286955
2023-10-03 05:30:00,565.0,566.9,554.3,558.85,1100907
2023-10-04 05:30:00,559.05,560.0,552.25,557.55,1391947
2023-10-05 05:30:00,559.8,561.95,550.6,551.65,530790
2023-10-06 05:30:00,552.45,560.95,550.75,559.35,1059398
2023-10-09 05:30:00,559.0,560.7,541.0,543.8,1180000
2023-10-10 05:30:00,544.15,548.3,529.75,540.15,2910397
2023-10-11 05:30:00,544.0,547.75,522.0,524.9,3972020
2023-10-12 05:30:00,526.0,531.4,519.45,524.85,4223708
2023-10-13 05:30:00,525.5,527.35,519.75,522.6,839584
2023-10-16 05:30:00,525.0,533.45,522.55,531.05,1904754
2023-10-17 05:30:00,534.55,535.5,528.6,533.7,1459792
2023-10-18 05:30:00,523.7,526.75,512.4,521.0,4168928
2023-10-19 05:30:00,521.0,526.8,516.2,522.2,2867227
2023-10-20 05:30:00,520.5,528.6,516.85,526.2,890622
2023-10-23 05:30:00,525.0,530.4,518.3,521.0,1328934
2023-10-25 05:30:00,520.95,525.95,515.15,518.8,950918
2023-10-26 05:30:00,517.0,517.0,505.0,510.85,1031823
2023-10-27 05:30:00,511.95,522.5,510.0,519.0,491684
2023-10-30 05:30:00,518.0,522.1,512.0,520.25,765664
2023-10-31 05:30:00,522.0,529.95,520.9,525.25,1375208
2023-11-01 05:30:00,525.4,529.0,514.2,515.35,686047
2023-11-02 05:30:00,518.95,525.8,514.75,524.95,657953
2023-11-03 05:30:00,527.85,527.85,519.25,520.15,1466452
2023-11-06 05:30:00,522.15,525.95,521.2,521.8,827603
2023-11-07 05:30:00,519.75,539.3,516.7,537.9,1959750
2023-11-08 05:30:00,540.0,540.0,527.45,530.6,774593
2023-11-09 05:30:00,532.9,533.5,525.6,528.2,670063
2023-11-10 05:30:00,527.9,531.55,523.55,530.1,500837
2023-11-12 05:30:00,536.7,536.7,527.2,531.7,61373
2023-11-13 05:30:00,529.1,532.2,522.95,525.85,442853
2023-11-15 05:30:00,535.35,547.9,530.7,543.25,1701447
2023-11-16 05:30:00,543.2,555.8,537.85,548.2,1427904
2023-11-17 05:30:00,548.05,572.5,544.8,559.85,4385917
2023-11-20 05:30:00,559.0,560.15,547.65,549.8,1875745
2023-11-21 05:30:00,550.0,562.35,547.45,555.75,2545683
2023-11-22 05:30:00,555.75,565.95,550.25,558.05,2492912
2023-11-23 05:30:00,559.4,564.05,553.4,555.95,522266
2023-11-24 05:30:00,555.95,563.5,554.55,555.45,1548879
2023-11-28 05:30:00,555.45,557.6,550.5,551.55,962469
2023-11-29 05:30:00,554.0,556.7,548.5,551.7,8604983
2023-11-30 05:30:00,553.95,569.4,552.55,562.6,3217338
2023-12-01 05:30:00,564.95,567.1,553.65,558.8,1209880
2023-12-04 05:30:00,563.0,564.2,556.7,563.3,814733
2023-12-05 05:30:00,565.0,565.0,542.25,544.4,4654510
2023-12-06 05:30:00,548.8,554.45,545.15,551.4,1968199
2023-12-07 05:30:00,551.0,556.85,544.75,547.25,1019925
2023-12-08 05:30:00,548.55,549.3,539.65,543.55,711798
2023-12-11 05:30:00,543.55,546.0,535.7,537.45,1590711
2023-12-12 05:30:00,543.15,553.5,539.0,550.6,2684806
2023-12-13 05:30:00,551.65,554.9,541.05,542.4,1337683
2023-12-14 05:30:00,544.0,545.0,530.6,532.35,1826903
2023-12-15 05:30:00,536.6,537.45,516.3,519.2,3650011
2023-12-18 05:30:00,521.8,523.8,515.4,521.2,1442950
2023-12-19 05:30:00,521.75,524.8,517.25,519.95,1335907
2023-12-20 05:30:00,521.0,526.0,507.05,509.3,2429942
2023-12-21 05:30:00,509.3,520.65,505.4,518.95,1730872
2023-12-22 05:30:00,521.95,523.95,515.0,518.95,1417103
2023-12-26 05:30:00,524.0,524.5,516.95,523.9,2194932
2023-12-27 05:30:00,525.0,529.55,523.55,526.6,1839214
2023-12-28 05:30:00,526.9,530.5,525.15,529.9,2543683
2023-12-29 05:30:00,530.2,535.35,528.05,534.85,1139518
2024-01-01 05:30:00,534.7,536.0,530.75,531.95,1578322
2024-01-02 05:30:00,531.95,536.0,528.1,534.4,1359923
2024-01-03 05:30:00,534.2,539.8,531.8,534.9,1334907
2024-01-04 05:30:00,536.0,541.1,535.0,539.85,1718311
2024-01-05 05:30:00,538.5,545.55,535.15,541.0,3895158
2024-01-08 05:30:00,541.0,550.6,539.65,541.95,1579306
2024-01-09 05:30:00,545.25,548.9,533.35,540.85,5096681
2024-01-10 05:30:00,544.45,550.0,538.65,541.25,2156707
2024-01-11 05:30:00,541.75,546.85,538.65,541.6,880686
2024-01-12 05:30:00,543.0,543.4,529.1,529.95,2692417
2024-01-15 05:30:00,533.0,533.9,520.0,522.2,2040505
2024-01-16 05:30:00,523.75,524.8,516.95,517.9,1391247
2024-01-17 05:30:00,517.9,520.35,513.5,514.95,2308422
2024-01-18 05:30:00,470.0,488.9,463.45,486.2,17222774
2024-01-19 05:30:00,492.0,498.0,488.15,494.6,2754392
2024-01-20 05:30:00,498.4,498.8,485.6,491.3,661315
2024-01-23 05:30:00,496.0,497.15,475.2,479.45,3281838
2024-01-24 05:30:00,480.0,490.65,480.0,488.55,3536528
2024-01-25 05:30:00,491.3,491.3,482.95,486.3,1646588
2024-01-29 05:30:00,486.3,494.3,483.0,491.6,5223917
2024-01-30 05:30:00,493.95,499.7,492.5,495.6,3256246
2024-01-31 05:30:00,497.45,506.3,494.15,503.25,1416063
2024-02-01 05:30:00,504.1,517.15,500.0,515.9,2109644
2024-02-02 05:30:00,521.0,521.0,503.4,506.5,2401695
2024-02-05 05:30:00,507.0,509.25,502.1,504.8,1097731
2024-02-06 05:30:00,505.0,528.35,502.5,526.0,2301593
2024-02-07 05:30:00,528.5,533.8,525.4,530.45,1003712
2024-02-08 05:30:00,532.0,533.7,518.65,520.5,1481895
2024-02-09 05:30:00,520.5,522.95,510.5,521.45,1022445
2024-02-12 05:30:00,521.45,521.6,502.55,504.45,1076797
2024-02-13 05:30:00,504.45,513.8,497.3,511.9,2357148
2024-02-14 05:30:00,507.95,510.0,502.0,508.8,1200533
2024-02-15 05:30:00,508.15,511.1,503.6,505.1,2299680
2024-02-16 05:30:00,509.6,516.0,505.6,512.05,973728
2024-02-19 05:30:00,514.0,517.55,509.0,514.7,912455
2024-02-20 05:30:00,513.5,523.3,509.65,521.65,1540086
2024-02-21 05:30:00,522.0,526.4,518.65,520.1,2221389
2024-02-22 05:30:00,516.85,520.0,515.0,518.35,762141
2024-02-23 05:30:00,522.6,525.0,515.25,522.85,1623839
2024-02-26 05:30:00,522.85,528.2,520.45,523.1,1081969
2024-02-27 05:30:00,524.0,539.7,516.9,518.85,2929679
2024-02-28 05:30:00,520.0,530.4,520.0,523.3,1315159
2024-02-29 05:30:00,525.9,534.0,518.2,532.65,3016612
2024-03-01 05:30:00,539.0,546.6,534.0,539.45,1851853
2024-03-02 05:30:00,540.0,542.4,537.1,538.0,53794
2024-03-04 05:30:00,539.5,558.7,533.95,546.95,2531138
2024-03-05 05:30:00,547.75,558.0,539.95,553.7,3876200
2024-03-06 05:30:00,555.0,579.85,549.35,576.85,6081088
2024-03-07 05:30:00,576.0,595.0,563.65,583.6,2970921
2024-03-11 05:30:00,595.0,614.7,567.9,600.3,8749894
2024-03-12 05:30:00,601.05,606.9,592.15,600.5,3065065
2024-03-13 05:30:00,602.2,604.4,567.0,573.55,3112506
2024-03-14 05:30:00,572.05,581.55,561.25,572.7,3124841
2024-03-15 05:30:00,572.8,579.0,563.0,567.75,2356414
2024-03-18 05:30:00,569.0,569.0,559.7,565.85,1279804
2024-03-19 05:30:00,565.55,567.5,545.85,549.6,2176263
2024-03-20 05:30:00,550.0,565.6,550.0,560.35,1879361
2024-03-21 05:30:00,560.8,584.0,556.5,580.25,1932166
2024-03-22 05:30:00,578.85,588.75,573.65,581.85,1231241
2024-03-26 05:30:00,588.0,605.95,588.0,599.9,4000040
2024-03-27 05:30:00,599.9,604.9,593.0,599.1,1460193
2024-03-28 05:30:00,598.95,614.0,596.6,608.65,1328162
2024-04-01 05:30:00,610.0,627.0,610.0,616.1,1936435
2024-04-02 05:30:00,618.4,626.7,617.2,623.3,2577155
2024-04-03 05:30:00,623.0,625.1,617.0,620.75,1578089
2024-04-04 05:30:00,620.05,621.0,602.55,605.75,2118902
2024-04-05 05:30:00,609.7,630.0,606.0,620.0,5123577
2024-04-08 05:30:00,623.4,634.0,612.65,628.7,2241262
2024-04-09 05:30:00,629.4,633.45,620.65,625.25,1432457
2024-04-10 05:30:00,627.9,630.6,621.0,627.35,1353231
2024-04-12 05:30:00,625.85,640.85,624.2,629.0,2028403
2024-04-15 05:30:00,621.0,624.75,605.1,616.35,888398
2024-04-16 05:30:00,614.0,619.8,604.75,608.5,672758
2024-04-18 05:30:00,605.4,614.5,597.45,602.5,2528859
2024-04-19 05:30:00,589.0,595.0,578.6,588.15,1813605
2024-04-22 05:30:00,589.95,591.55,577.5,580.3,796586
2024-04-23 05:30:00,581.85,599.0,576.0,593.85,3049206
2024-04-24 05:30:00,558.0,582.35,556.75,575.65,7351418
2024-04-25 05:30:00,572.0,578.35,560.0,564.15,3477293
2024-04-26 05:30:00,564.0,577.9,563.5,566.25,1331995
2024-04-29 05:30:00,568.25,573.75,552.25,559.9,2751497
2024-04-30 05:30:00,564.0,579.8,560.4,572.9,4170361
2024-05-02 05:30:00,572.9,582.0,571.05,576.55,1417126
2024-05-03 05:30:00,576.55,585.0,572.75,576.7,1420649
2024-05-06 05:30:00,580.8,583.1,568.8,574.3,594551
2024-05-07 05:30:00,575.05,580.0,566.0,577.8,1156835
2024-05-08 05:30:00,577.5,588.55,572.0,587.0,827743
2024-05-09 05:30:00,588.0,588.0,567.85,578.25,1306379
2024-05-10 05:30:00,580.0,593.85,577.55,591.75,1276601
2024-05-13 05:30:00,593.0,599.7,587.4,597.3,2220073
2024-05-14 05:30:00,597.35,604.65,593.85,597.2,1714170
2024-05-15 05:30:00,598.9,598.9,574.45,577.05,1268460
2024-05-16 05:30:00,583.0,591.8,581.4,590.05,857053
2024-05-17 05:30:00,589.05,593.75,586.35,590.2,2190530
2024-05-18 05:30:00,593.0,593.0,586.25,589.7,32844
2024-05-21 05:30:00,589.7,592.7,576.0,580.2,1534804
2024-05-22 05:30:00,580.25,582.25,573.3,577.4,1382865
2024-05-23 05:30:00,578.0,585.9,578.0,585.05,714284
2024-05-24 05:30:00,585.5,588.85,576.5,579.5,584410
2024-05-27 05:30:00,579.5,583.5,570.8,572.9,824317
2024-05-28 05:30:00,573.0,586.95,573.0,582.55,2117884
2024-05-29 05:30:00,579.35,580.0,553.6,556.2,6677580
2024-05-30 05:30:00,556.0,562.95,544.0,548.95,2669270
2024-05-31 05:30:00,554.0,554.2,543.3,545.45,2422230
2024-06-03 05:30:00,560.0,561.95,548.0,552.05,1363318
2024-06-04 05:30:00,552.1,558.2,515.45,542.9,3324127
2024-06-05 05:30:00,540.1,566.0,540.1,562.6,789781
2024-06-06 05:30:00,563.1,568.75,561.55,563.6,777374
2024-06-07 05:30:00,567.0,572.9,560.7,571.4,645153
2024-06-10 05:30:00,571.75,586.0,567.1,581.0,1777038
2024-06-11 05:30:00,587.0,588.3,575.35,581.65,1992856
2024-06-12 05:30:00,581.65,583.7,578.0,579.75,681075
2024-06-13 05:30:00,588.0,598.6,573.8,596.15,3722751
2024-06-14 05:30:00,599.0,622.0,594.0,613.7,2947635
2024-06-18 05:30:00,615.0,620.65,601.4,606.8,2005317
2024-06-19 05:30:00,610.0,611.55,599.95,601.85,1695120
2024-06-20 05:30:00,604.0,607.0,596.6,605.5,1287329
2024-06-21 05:30:00,606.95,610.55,601.0,604.4,1239416
2024-06-24 05:30:00,603.0,610.0,594.8,605.4,1872998
2024-06-25 05:30:00,606.0,610.85,593.45,600.35,1938716
2024-06-26 05:30:00,602.0,617.75,595.5,596.5,1949691
2024-06-27 05:30:00,596.2,604.35,594.25,599.65,1353187
2024-06-28 05:30:00,599.65,610.85,598.05,605.7,1685280
2024-07-01 05:30:00,602.95,624.95,601.2,616.7,1329399
2024-07-02 05:30:00,621.45,631.5,601.45,620.35,5605015
2024-07-03 05:30:00,624.7,637.9,617.35,634.4,2493092
2024-07-04 05:30:00,639.4,643.75,630.95,633.45,1524230
2024-07-05 05:30:00,634.0,644.85,631.3,643.0,620866
2024-07-08 05:30:00,641.6,643.65,628.6,636.35,1426044
2024-07-09 05:30:00,638.5,652.4,635.05,646.5,2579594
2024-07-10 05:30:00,647.05,673.7,637.5,660.75,5187432
2024-07-11 05:30:00,661.1,664.2,650.3,653.35,1902488
2024-07-12 05:30:00,653.0,657.2,649.45,651.15,699764
2024-07-15 05:30:00,652.5,661.6,650.25,654.25,690148
2024-07-16 05:30:00,654.35,662.75,639.55,654.35,2086000
2024-07-18 05:30:00,648.5,657.0,640.15,654.8,1388472
2024-07-19 05:30:00,651.0,652.95,637.5,643.4,1283956
2024-07-22 05:30:00,640.05,644.5,631.0,633.8,1385767
2024-07-23 05:30:00,636.95,642.75,611.25,638.4,2765631
2024-07-24 05:30:00,635.0,697.5,634.95,694.25,9280093
2024-07-25 05:30:00,690.0,703.85,685.05,701.7,2873383
2024-07-26 05:30:00,702.8,731.45,701.6,724.9,3800832
2024-07-29 05:30:00,724.9,729.15,716.0,719.05,898295
2024-07-30 05:30:00,722.8,733.35,698.05,723.85,2695889
2024-07-31 05:30:00,723.85,739.6,719.55,735.95,971621
2024-08-01 05:30:00,735.7,742.2,730.55,734.7,1988202
2024-08-02 05:30:00,731.8,739.0,725.0,728.6,1512837
2024-08-05 05:30:00,705.0,725.85,705.0,714.2,2269484
2024-08-06 05:30:00,718.0,726.9,697.35,700.05,1350870
2024-08-07 05:30:00,708.25,728.5,705.0,726.05,1472564
2024-08-08 05:30:00,722.55,744.0,717.05,738.65,1931611
2024-08-09 05:30:00,741.1,746.65,735.75,739.25,1246603
2024-08-12 05:30:00,731.1,741.0,726.2,728.75,1376694
2024-08-13 05:30:00,730.0,739.3,720.3,724.3,1166273
2024-08-14 05:30:00,725.6,728.55,715.0,718.2,639172
2024-08-16 05:30:00,711.0,722.5,702.65,720.05,2069373
2024-08-19 05:30:00,720.0,724.5,714.55,720.05,472715
2024-08-20 05:30:00,719.8,748.3,719.4,742.5,2867974
2024-08-21 05:30:00,748.55,752.45,738.95,741.45,2726706
2024-08-22 05:30:00,744.85,748.85,731.3,733.0,1634542
2024-08-23 05:30:00,734.85,741.15,728.2,731.95,1079889
2024-08-26 05:30:00,732.0,732.0,715.45,723.25,1397958
2024-08-27 05:30:00,723.3,747.85,721.0,744.15,3156537
2024-08-28 05:30:00,741.0,750.65,736.1,744.6,1750966
2024-08-29 05:30:00,740.1,754.2,738.45,742.3,1080111
2024-08-30 05:30:00,742.0,754.75,738.5,753.15,1838816
2024-09-02 05:30:00,755.0,759.0,748.8,753.45,945318
2024-09-03 05:30:00,755.2,765.55,746.05,763.7,1757723
2024-09-04 05:30:00,760.5,771.4,755.8,769.35,1065130
2024-09-05 05:30:00,772.9,772.9,756.0,758.05,1346555
2024-09-06 05:30:00,757.0,760.3,748.05,750.65,812409
2024-09-09 05:30:00,749.9,766.7,749.4,758.15,1208039
2024-09-10 05:30:00,755.0,756.7,740.35,746.0,1528123
2024-09-11 05:30:00,746.0,759.15,741.7,750.9,1481524
2024-09-12 05:30:00,752.4,762.2,748.8,755.65,728253
2024-09-13 05:30:00,757.0,764.75,752.85,755.25,930947
2024-09-16 05:30:00,751.2,756.8,745.55,749.9,509408
2024-09-17 05:30:00,749.0,753.0,742.85,750.0,1012567
2024-09-18 05:30:00,753.0,760.9,745.0,750.65,831311
2024-09-19 05:30:00,749.0,765.45,748.05,755.1,1508403
2024-09-20 05:30:00,758.8,770.9,755.0,768.0,1602126
2024-09-23 05:30:00,768.0,793.0,766.0,791.05,1326368
2024-09-24 05:30:00,790.3,795.0,767.2,775.7,1308591
2024-09-25 05:30:00,772.8,775.95,761.5,773.65,1359054
2024-09-26 05:30:00,773.65,788.6,766.95,782.2,1233639
2024-09-27 05:30:00,770.0,794.0,770.0,789.5,1986359
2024-09-30 05:30:00,793.8,793.8,777.25,780.15,801207
2024-10-01 05:30:00,780.15,796.8,763.55,767.2,1138660
2024-10-03 05:30:00,762.05,765.0,748.95,757.45,722266
2024-10-04 05:30:00,757.45,770.65,751.75,755.75,1002583
2024-10-07 05:30:00,755.75,760.45,739.2,744.95,629532
2024-10-08 05:30:00,744.0,748.0,726.2,742.6,1690785
2024-10-09 05:30:00,747.0,764.45,740.25,755.65,1429943
2024-10-10 05:30:00,756.15,761.65,743.0,745.6,375514
2024-10-11 05:30:00,745.35,749.0,732.25,742.55,980855
2024-10-14 05:30:00,742.35,744.5,731.55,739.15,721738
2024-10-15 05:30:00,741.65,759.45,728.05,733.75,1645712
2024-10-16 05:30:00,733.6,754.6,733.6,745.4,1139316
2024-10-17 05:30:00,745.4,753.4,731.6,735.15,734313
2024-10-18 05:30:00,732.05,748.6,723.15,745.35,410104
2024-10-21 05:30:00,748.45,755.35,742.4,749.6,588290
2024-10-22 05:30:00,750.7,761.35,728.55,731.05,1428918
2024-10-23 05:30:00,701.2,759.85,701.2,746.45,1719740
2024-10-24 05:30:00,747.0,776.85,744.65,768.0,1290728
2024-10-25 05:30:00,772.8,774.5,730.65,742.85,1761993
2024-10-28 05:30:00,740.5,754.6,735.7,749.55,596587
2024-10-29 05:30:00,749.55,773.9,732.45,768.4,1387142
2024-10-30 05:30:00,766.5,768.0,745.7,747.55,956924
2024-10-31 05:30:00,747.75,756.0,736.4,741.0,602669
2024-11-01 05:30:00,738.1,750.0,738.1,744.95,69849
2024-11-04 05:30:00,744.0,744.8,730.05,735.8,653599
2024-11-05 05:30:00,732.5,738.95,702.3,732.15,1932380
2024-11-06 05:30:00,731.5,733.9,713.0,716.25,864875
2024-11-07 05:30:00,721.25,721.25,711.75,713.85,510043
2024-11-08 05:30:00,709.15,719.95,707.85,710.35,489019
2024-11-11 05:30:00,706.0,711.35,699.05,704.3,507892
2024-11-12 05:30:00,704.7,711.25,698.25,702.1,1105532
2024-11-13 05:30:00,692.25,701.15,685.0,688.0,562534
2024-11-14 05:30:00,689.8,699.45,688.05,693.9,542297
2024-11-18 05:30:00,687.0,698.75,683.0,693.2,509365
2024-11-19 05:30:00,695.0,695.95,668.3,685.2,2346510
2024-11-21 05:30:00,680.0,688.65,676.0,678.55,385143
2024-11-22 05:30:00,676.0,695.0,671.0,687.2,358244
2024-11-25 05:30:00,692.2,699.45,685.55,687.65,1582428
2024-11-26 05:30:00,687.65,697.95,685.65,691.25,691907
2024-11-27 05:30:00,690.35,691.4,679.0,680.8,710254
2024-11-28 05:30:00,680.0,695.5,667.7,691.85,3444882
2024-11-29 05:30:00,690.0,704.7,687.6,699.65,1816684
2024-12-02 05:30:00,690.0,704.0,689.5,691.9,442351
2024-12-03 05:30:00,695.5,699.45,683.1,684.2,1008762
2024-12-04 05:30:00,687.0,691.0,672.95,675.8,1000350
2024-12-05 05:30:00,679.0,682.3,663.65,674.7,840658
2024-12-06 05:30:00,679.0,687.3,671.95,674.85,1183302
2024-12-09 05:30:00,675.0,680.65,671.1,676.2,607213
2024-12-10 05:30:00,684.7,694.9,677.3,681.0,1296860
2024-12-11 05:30:00,686.8,696.5,682.0,695.35,771530
2024-12-12 05:30:00,697.8,700.0,686.0,691.95,769708
2024-12-13 05:30:00,688.05,692.25,675.6,685.75,828354
2024-12-16 05:30:00,688.0,691.95,677.6,679.5,943853
2024-12-17 05:30:00,684.9,684.9,669.05,670.75,1086358
2024-12-18 05:30:00,670.0,673.55,661.2,662.55,341519
2024-12-19 05:30:00,658.5,661.7,654.25,659.5,407066
2024-12-20 05:30:00,664.5,664.5,650.1,653.9,1418236
2024-12-23 05:30:00,650.0,654.45,643.35,649.6,850671
2024-12-24 05:30:00,649.6,666.9,645.05,661.55,1226611
2024-12-26 05:30:00,661.55,670.5,658.05,668.1,563794
2024-12-27 05:30:00,668.0,669.25,654.7,656.15,770997
2024-12-30 05:30:00,656.15,656.5,643.9,647.0,2750493
2024-12-31 05:30:00,643.8,659.9,643.45,654.85,921784
2025-01-01 05:30:00,657.0,675.6,644.05,659.8,931601
2025-01-02 05:30:00,657.1,666.8,655.65,662.1,1473456
2025-01-03 05:30:00,663.3,677.3,662.85,673.6,1252466
2025-01-06 05:30:00,676.15,681.95,652.8,661.9,681886
2025-01-07 05:30:00,659.25,673.0,659.25,662.7,1037686
2025-01-08 05:30:00,661.0,666.85,652.0,652.95,742877
2025-01-09 05:30:00,653.0,657.15,644.65,646.85,790168
2025-01-10 05:30:00,645.4,650.7,632.4,644.55,997606
2025-01-13 05:30:00,642.0,653.0,633.0,636.45,770365
2025-01-14 05:30:00,636.45,644.25,632.7,642.15,503856
2025-01-15 05:30:00,642.8,642.8,628.65,633.05,2420045
2025-01-16 05:30:00,642.0,666.95,639.55,651.4,3851915
2025-01-17 05:30:00,648.15,650.0,634.35,645.75,1602885
2025-01-20 05:30:00,654.45,654.45,631.2,641.3,614141
2025-01-21 05:30:00,645.2,651.95,633.25,635.55,737092
2025-01-22 05:30:00,620.0,620.0,572.0,598.05,13189131
2025-01-23 05:30:00,595.0,603.4,590.55,594.7,889946
2025-01-24 05:30:00,595.0,600.85,586.9,590.5,1567073
2025-01-27 05:30:00,589.45,590.35,582.25,589.05,411561
2025-01-28 05:30:00,589.05,603.55,585.65,600.3,636251
2025-01-29 05:30:00,603.0,611.35,598.95,606.8,760118
2025-01-30 05:30:00,607.0,617.0,601.05,611.4,555935
2025-01-31 05:30:00,610.0,620.95,607.6,616.0,536251
2025-02-01 05:30:00,613.15,643.2,569.0,606.0,3451517
2025-02-03 05:30:00,605.95,618.9,600.3,604.65,1011490
2025-02-04 05:30:00,609.0,611.45,600.0,606.95,925652
2025-02-05 05:30:00,609.4,614.7,602.55,605.25,750646
2025-02-06 05:30:00,606.0,609.85,597.9,599.95,596337
2025-02-07 05:30:00,603.0,605.6,592.05,600.05,1046797
2025-02-10 05:30:00,603.0,608.95,585.15,587.85,649320
2025-02-11 05:30:00,587.85,590.8,569.55,574.8,498876
2025-02-12 05:30:00,575.0,589.0,563.45,579.8,927101
2025-02-13 05:30:00,579.8,594.4,578.85,590.85,772099
2025-02-14 05:30:00,593.35,597.75,580.0,582.45,712329
2025-02-17 05:30:00,580.0,581.95,567.9,575.2,994049
2025-02-18 05:30:00,572.2,578.2,566.2,573.2,720799
2025-02-19 05:30:00,570.65,579.65,568.25,576.0,1120833
2025-02-20 05:30:00,575.85,580.35,572.55,574.8,1009089
2025-02-21 05:30:00,574.1,579.4,570.05,574.0,1574753
2025-02-24 05:30:00,571.0,573.0,563.4,566.4,317787
2025-02-25 05:30:00,566.0,569.5,560.1,566.7,583632
2025-02-27 05:30:00,565.0,571.9,555.25,559.75,1802194
2025-02-28 05:30:00,560.05,574.75,548.3,551.6,1996851
2025-03-03 05:30:00,552.1,556.95,544.15,554.25,1250103
2025-03-04 05:30:00,553.75,554.05,543.4,547.75,1854779
2025-03-05 05:30:00,545.0,557.0,545.0,550.05,2864688
2025-03-06 05:30:00,555.0,558.45,547.9,550.15,1050646
2025-03-07 05:30:00,550.1,554.7,545.0,549.55,1063618
2025-03-10 05:30:00,552.4,554.05,542.0,544.65,883327
2025-03-11 05:30:00,542.0,548.8,535.1,546.15,1049509
2025-03-12 05:30:00,544.0,547.7,535.25,544.9,1372563
2025-03-13 05:30:00,550.0,550.0,535.0,536.6,429559
2025-03-17 05:30:00,537.05,550.8,537.0,548.65,701993
2025-03-18 05:30:00,550.8,556.65,549.2,552.85,834611
2025-03-19 05:30:00,553.2,565.75,552.25,563.0,1449130
2025-03-20 05:30:00,565.0,581.85,565.0,578.2,863268
2025-03-21 05:30:00,579.65,584.4,576.6,581.4,1122260
2025-03-24 05:30:00,582.1,600.9,580.8,596.85,1434961
2025-03-25 05:30:00,601.0,606.25,587.6,592.25,1162392
2025-03-26 05:30:00,592.25,599.5,583.2,588.75,889494
2025-03-27 05:30:00,585.0,594.45,580.4,591.4,2778093
2025-03-28 05:30:00,589.2,593.8,560.85,564.35,1919467
2025-04-01 05:30:00,564.0,573.15,560.5,569.05,1214007
2025-04-02 05:30:00,569.65,570.6,557.6,563.35,1334457
2025-04-03 05:30:00,563.45,567.05,559.55,562.85,2803358
2025-04-04 05:30:00,565.8,567.85,553.0,556.8,521545
2025-04-07 05:30:00,532.4,546.5,525.8,536.9,1674902
2025-04-08 05:30:00,542.9,560.95,542.3,557.0,1930327
2025-04-09 05:30:00,557.0,572.0,554.05,568.85,1372096
2025-04-11 05:30:00,571.5,576.05,550.65,552.95,3084159
2025-04-15 05:30:00,552.95,572.55,545.3,567.15,3736880
2025-04-16 05:30:00,581.0,602.25,576.15,586.3,9236976
2025-04-17 05:30:00,584.5,598.95,579.45,595.65,1911286
2025-04-21 05:30:00,602.0,609.0,591.25,602.9,2265294
2025-04-22 05:30:00,603.0,610.95,599.25,600.95,1761010
2025-04-23 05:30:00,602.05,609.75,590.55,607.0,2947373
2025-04-24 05:30:00,609.0,610.0,600.0,602.35,649984
2025-04-25 05:30:00,607.0,618.6,585.0,595.8,1861383
2025-04-28 05:30:00,590.25,607.0,590.25,602.6,730997
2025-04-29 05:30:00,607.0,609.1,599.2,605.25,1032408
2025-04-30 05:30:00,603.8,621.9,601.3,614.35,1238587
2025-05-02 05:30:00,615.0,619.65,606.25,608.95,587287
2025-05-05 05:30:00,609.1,613.8,605.6,612.2,437619
2025-05-06 05:30:00,612.2,616.7,590.2,592.65,451754
2025-05-07 05:30:00,583.2,597.25,583.2,592.0,548882
2025-05-08 05:30:00,594.4,595.75,578.6,582.4,601296
2025-05-09 05:30:00,571.0,582.85,570.95,581.2,517496
2025-05-12 05:30:00,592.8,605.15,591.1,604.0,517861
2025-05-13 05:30:00,607.9,610.45,602.0,603.65,400154
2025-05-14 05:30:00,605.2,609.8,602.0,608.25,476527
2025-05-15 05:30:00,607.0,614.8,597.45,613.0,754198
2025-05-16 05:30:00,615.0,617.9,609.8,615.6,403837
2025-05-19 05:30:00,615.6,627.85,613.2,623.45,673068
2025-05-20 05:30:00,624.1,627.1,610.7,613.0,619915
2025-05-21 05:30:00,613.0,621.0,610.05,618.15,423274
2025-05-22 05:30:00,618.0,626.5,614.0,619.75,655543
2025-05-23 05:30:00,621.0,643.95,619.8,642.2,1332437
2025-05-26 05:30:00,649.95,655.65,643.15,650.0,1743631
2025-05-27 05:30:00,648.2,654.9,643.85,652.35,474686
2025-05-28 05:30:00,654.05,661.7,650.2,658.0,853125
2025-05-29 05:30:00,661.3,676.65,661.3,668.45,2000745
2025-05-30 05:30:00,666.2,670.0,660.4,662.4,1957768
2025-06-02 05:30:00,665.6,673.9,659.6,664.15,978907
2025-06-03 05:30:00,661.2,666.4,637.75,640.9,1498807
2025-06-04 05:30:00,637.0,645.95,636.35,643.6,538752
2025-06-05 05:30:00,645.8,645.8,634.6,637.9,489984
2025-06-06 05:30:00,637.9,642.95,632.35,636.05,456497
2025-06-09 05:30:00,634.5,640.95,629.25,637.55,1269615
2025-06-10 05:30:00,638.9,643.0,628.7,637.55,1083060
2025-06-11 05:30:00,640.0,647.5,637.3,642.2,813324
2025-06-12 05:30:00,644.0,645.6,630.2,631.65,580998
2025-06-13 05:30:00,627.0,630.75,620.85,629.5,427999
2025-06-16 05:30:00,629.5,641.25,625.7,638.75,774695
2025-06-17 05:30:00,639.7,644.0,635.65,640.3,844307
2025-06-18 05:30:00,637.1,638.3,625.6,631.45,810195
2025-06-19 05:30:00,629.5,640.0,621.1,623.35,540121
2025-06-20 05:30:00,623.0,640.0,621.1,633.75,1535398
2025-06-23 05:30:00,631.0,634.45,627.0,628.35,1836782
2025-06-24 05:30:00,631.5,641.65,629.5,634.6,1111676
2025-06-25 05:30:00,635.0,640.4,630.2,634.65,1561644
2025-06-26 05:30:00,636.95,650.7,635.2,647.3,2816846
2025-06-27 05:30:00,649.05,650.35,641.5,647.85,1034094
2025-06-30 05:30:00,651.0,659.0,643.5,657.9,1858056
2025-07-01 05:30:00,659.2,664.95,657.9,660.75,1164854
2025-07-02 05:30:00,659.25,662.9,655.7,658.8,768602
2025-07-03 05:30:00,661.1,662.0,636.95,639.9,1167586
2025-07-04 05:30:00,645.45,659.4,645.45,650.95,2629729
2025-07-07 05:30:00,650.95,667.9,650.95,666.05,1032527
2025-07-08 05:30:00,668.0,669.0,659.0,664.55,895084
2025-07-09 05:30:00,663.0,683.4,661.0,680.35,2572195
2025-07-10 05:30:00,684.0,685.75,662.85,673.05,1376200
2025-07-11 05:30:00,675.0,678.0,658.55,660.7,698865
2025-07-14 05:30:00,658.1,674.0,654.75,672.5,967098
2025-07-15 05:30:00,672.5,693.5,660.0,669.6,3460481
2025-07-16 05:30:00,665.0,665.0,642.4,650.6,5298097
2025-07-17 05:30:00,652.0,653.95,641.2,642.9,3191101
2025-07-18 05:30:00,644.0,645.45,632.0,633.8,1142535
2025-07-21 05:30:00,629.95,642.9,628.85,634.9,1482517
2025-07-22 05:30:00,636.9,637.9,623.6,625.1,1458438
2025-07-23 05:30:00,628.4,632.2,625.2,628.9,618170
2025-07-24 05:30:00,628.9,633.0,622.2,622.85,746393
2025-07-25 05:30:00,621.0,622.5,615.0,618.7,546689
2025-07-28 05:30:00,618.7,624.7,613.25,614.7,421140
2025-07-29 05:30:00,614.7,620.35,612.5,616.4,632734
2025-07-30 05:30:00,619.8,622.7,613.6,619.15,579816
2025-07-31 05:30:00,617.85,618.15,609.6,615.95,453485
2025-08-01 05:30:00,616.2,616.4,599.0,601.05,597063
2025-08-01 05:30:00,616.2,616.4,599,601.05,597063
2025-08-01 05:30:00,616.2,616.4,599,601.05,597063
2025-08-01 05:30:00,616.2,616.4,599,601.05,597063
